,File,pred
0,e9fdc30e-99bd-4df8-ac68-adab008dfc88.jpg,10
1,1131d492-9670-4cf3-876b-d7d63fdb93cf.jpg,10
2,a10b2b27-b827-417c-8158-87c607516275.jpg,20
3,f72c1791-2966-4751-885a-f8575b529811.jpg,10
4,3acc02fa-164e-43d2-899a-82f16ef56dd8.jpg,10
5,5976f2ff-8d3d-472b-baef-359d9eec7a3f.jpg,10
6,c415a5a2-1aea-4d80-8816-f5124bb7ee09.jpg,10
7,6ccf986d-22fe-4e6e-a0b0-183fbe518667.jpg,10
8,2b240f3e-6500-497a-83ec-257d1216121e.jpg,10
9,e7783235-6c19-4ae5-9ec8-73c0386e15b9.jpg,10
10,82d42576-7d86-462f-9436-17ddb6cfe616.jpg,10
11,7f1db6f1-1d47-4fec-a01d-e4f7b7c7012f.jpg,10
12,c324f26e-00ee-45ba-b0e5-764614ee4101.jpg,10
13,0e98f8d2-38fe-4415-9867-ce9ae95288e8.jpg,10
14,b0529595-49c5-4e44-803e-37a48cd23073.jpg,10
15,dea42d23-9652-41d3-8e91-7d54c8289809.jpg,10
16,b8f3430b-dbb9-4488-903c-527a169f738e.jpg,10
17,8094be1e-2327-42a0-8f90-cf9aa9ed0ff2.jpg,20
18,030c9a46-462f-4e8b-a5dc-e6c3c922961d.jpg,10
19,e9d0cbe9-5d5d-4007-82c0-c09308e0e080.jpg,10
20,b1c6a6d4-065d-4c40-b6ac-5a1bc776ea1f.jpg,10
21,549c3f37-6ed8-4bee-b946-6f3f1cffee31.jpg,10
22,f72d4660-4141-4226-af09-92a7f7430fe9.jpg,10
23,90c2cd28-6cfd-4dbf-8f05-dca820ca16f6.jpg,10
24,8c3380d6-c0c9-4a5d-8f5e-9abb38b1ad41.jpg,10
25,0314f705-29c2-4431-ad8b-4479f407a80f.jpg,20
26,9ad3a69c-8c60-4df3-98fc-1a14d7741b89.jpg,20
27,5af4fab4-78a8-4260-ba7d-ad2601dbc262.jpg,10
28,6236c9b0-dfda-4af4-a982-fb0898c495c9.jpg,10
29,7dc8c3d5-e4f3-4885-ba9e-3912a4b19183.jpg,10
30,3388922c-407b-4d43-9bca-a706a1646b5e.jpg,10
31,f7552714-be44-43eb-801d-55c575f62475.jpg,10
32,a3054c00-06bb-45c8-a3b3-cdc33e7e6386.jpg,10
33,be77b79d-7dc7-4149-b105-6762e4afe089.jpg,10
34,241c6ed4-04b9-4afd-bd6a-9bf0dfdc23a5.jpg,10
35,f4339193-4d93-43f8-b14d-2f7a9b5a1a4f.jpg,10
36,209f0156-abb8-46e4-944b-b3cf09f5a988.jpg,10
37,0ddf40eb-86b2-422b-90a0-38af73e77680.jpg,10
38,e431ebae-b48a-4078-8c88-cad8592c6cff.jpg,10
39,670e1e96-5967-4e54-a314-796b5e9dac08.jpg,10
40,2ae4abe0-b716-445f-a89c-cc8f09d868e5.jpg,10
41,3cfecd4f-70a6-4230-a71b-a4cc29c70b0f.jpg,10
42,4ef038a8-cd19-42e5-b09d-0477e751d476.jpg,10
43,9a32b2b5-fc10-48ed-9ee0-dc26a5e4972f.jpg,10
44,91cc0b04-601f-499b-bbe8-d99c43e7d443.jpg,10
45,ebee9967-047c-4e1e-99c9-7a52f895baf0.jpg,10
46,02e64f5e-d1e4-4f02-ae22-dc2d91793d9b.jpg,10
47,94389b1b-caa1-415a-a9ae-fbbdf9fe03e6.jpg,10
48,be8f122f-9d0b-4ea9-811c-a2592883f84d.jpg,10
49,c85d0c4a-950c-43c4-bd63-075b5a7c9fd6.jpg,10
50,ea8483c9-71d7-40f0-8508-58e6033c7944.jpg,10
51,23b6efaa-a84c-419d-bad7-2a23791a5ad6.jpg,10
52,6a57568f-88e7-40c7-ba8e-6287d33863c6.jpg,10
53,d39d3699-67db-4069-8a46-7d7302287700.jpg,20
54,7cdacad4-0181-4544-ac6c-21762de2b5eb.jpg,10
55,da7b84e6-667f-48c3-8a05-7ae415b2c060.jpg,10
56,ec10ef3a-2412-408a-b76b-8608958c750e.jpg,10
57,a893f09b-ef74-4688-a590-424b33056f16.jpg,10
58,9c16f41f-1385-43e5-b9b6-07cc5c6c3193.jpg,10
59,b65234c9-34c5-4bd3-8571-5b4a8dcdc6d6.jpg,20
60,2f443c64-db2b-4c66-be8b-28533f458d2a.jpg,10
61,c9775216-cd70-43f9-90f1-ac91478550fb.jpg,10
62,a57a5fd6-fd09-48b6-b4f3-e70e4d515535.jpg,10
63,9b7f5118-9204-488a-93b6-304e1e1d77d4.jpg,10
64,b48d890c-8468-4036-abb1-e3e89579a16a.jpg,10
65,50ab3681-3897-4312-8a98-1bcc73754718.jpg,10
66,ef5f5fe0-eb43-49e3-bcf5-fb015e3abb86.jpg,20
67,a33c3f63-1269-48ad-a19b-45f0166366aa.jpg,10
68,eb12cdc3-6031-4624-b31f-42084a906856.jpg,10
69,7f673780-724b-4d07-97be-05347cc5b5cf.jpg,10
70,32cde890-c795-4270-9ec8-4163f54e2021.jpg,10
71,f625abc9-00c6-4dfc-90fa-4cbae8d54db8.jpg,10
72,433ae49e-c93f-453a-af3d-5feb208238b5.jpg,10
73,7633946f-ac9f-4cdb-9543-9abfdb2119a7.jpg,10
74,f2dbf924-17ae-43be-9a2d-8e39e193b42b.jpg,10
75,ff0b33f1-0bf7-4345-8b6c-52001c18f165.jpg,10
76,ef3178a1-e5e7-4283-881e-340953e1c91b.jpg,10
77,0f434834-8e9c-4bda-8a13-5ab0c33563c3.jpg,20
78,36b6b865-a7e9-4f0e-ad9b-5ae12e67a129.jpg,10
79,922a8771-f20f-4b91-8c8d-bbb5a007e3ff.jpg,10
80,23e985ed-0bd9-4c8b-b11d-3ccdc48f0d03.jpg,20
81,e8559a71-e542-44af-8452-fb3e78b193e0.jpg,10
82,70595ab4-2bf9-4dea-9bbb-e6c8a50522b1.jpg,10
83,d2289573-fb4a-48dc-a56c-f74bac967e84.jpg,10
84,6410b494-0d0f-4d9d-a0b8-845552b40b79.jpg,10
85,95cef8b4-c769-4686-be8b-cbc5889ab37b.jpg,10
86,cf00f55f-6cfe-4d21-b592-90dd8178d26c.jpg,10
87,80b811f8-3b66-4a0f-8e4d-11570664aa8d.jpg,10
88,b4dbd274-d70a-43d8-8d93-50a292179432.jpg,10
89,ed120446-8972-48e9-8802-6ea956ea999d.jpg,10
90,cf4a319f-6847-4fb3-907e-5787fcdc8a61.jpg,10
91,97c5a63b-89d3-41a0-997d-0f1a18ee5655.jpg,10
92,c0f6fc60-f66d-478c-9b95-b4dd72d0f356.jpg,10
93,f2ed6ce6-a47c-4d6b-899b-3f1695460f5d.jpg,10
94,5ebfd08b-676a-43f0-929a-ab3cf201297a.jpg,10
95,7577d3bc-250e-4650-84cc-ebd3c0240963.jpg,10
96,cb0ad2ec-6da6-4bc7-afff-9d5eabb87cf7.jpg,10
97,e51b05cf-534b-4de7-92a2-b536a6169f15.jpg,10
98,4a983390-dc43-47bf-87bf-c471a5bd97b4.jpg,10
99,c2618498-b9a4-4c4f-b941-f92d7edfde3f.jpg,10
100,67764c71-b290-4e5f-939d-91dbb03cf05a.jpg,11
101,05f5ccd7-7f99-40ff-8fa1-310943f322f9.jpg,11
102,1d6d40fb-2ba2-4318-9b97-03d66240f69a.jpg,11
103,53fae39c-17da-441d-8dbc-d58b52a385a0.jpg,11
104,eac32b0f-1d9c-4098-afad-94a5ac77c96e.jpg,19
105,17dfd595-318a-4e01-8d81-229cf1a62fe2.jpg,20
106,04b098f0-4de6-4627-89d8-c3e4899a5ab3.jpg,10
107,4415f30c-63d0-4e0f-a441-8ea8fec6b59e.jpg,11
108,fb5190c2-942e-43b1-b330-959de4c0584c.jpg,11
109,1feb2f12-127e-4c77-ac5a-91ed2d5e5ef4.jpg,20
110,8b58c650-2f2c-43ea-9c45-62ba72bc7823.jpg,11
111,04d5137f-7e65-4dd7-a88d-d00ba52fa044.jpg,19
112,8ee051c0-61e5-4bec-b5f3-c02f4ba2cf19.jpg,11
113,ef91e4de-83f5-46ab-afec-58f998100bac.jpg,11
114,6b0b543e-c8c8-4656-92a7-277399ee2af3.jpg,11
115,c208b685-eed5-4079-9116-5883ca78ab0c.jpg,11
116,d4e562f0-a1da-480e-9e1e-9376e2f2b50e.jpg,11
117,6b353db4-76aa-4a4f-bef2-d95b7f67bcbf.jpg,20
118,9e0aa2b7-e050-43e0-97ca-3425f81577ff.jpg,11
119,55d820ef-38a5-4048-96ab-34966dde50f5.jpg,11
120,949040ca-b2c6-4780-91cc-4ca0c48b8973.jpg,11
121,da61a99a-5a07-46fb-9466-15091a4543fb.jpg,11
122,eb8893c7-5c97-4f83-a475-0d57b7d77fb4.jpg,11
123,737f2479-1dd2-48b1-8828-eae177fa84ee.jpg,11
124,fd4c01a1-04f3-43d2-8b5c-ed417d30d58c.jpg,11
125,ce796275-4e2e-418a-804d-541b2b16b603.jpg,11
126,fd421d4e-62cc-47e5-bf52-5a709b2a33fd.jpg,11
127,a7fd5f64-f76d-4378-b142-efca9a678037.jpg,11
128,e6ebe08e-183a-46d0-9d03-378822de780a.jpg,11
129,939a1add-90e0-466a-b3d5-ad71b94b360d.jpg,11
130,3e119acd-368a-4608-b5b8-145447429d2f.jpg,11
131,427a466a-6f4d-4eeb-b07e-e14ac46aadf0.jpg,11
132,c9658f76-9230-482a-9cc3-132dbe53898a.jpg,11
133,7b0aec61-a012-47fb-953f-0f1220c771b1.jpg,11
134,096b5922-f95f-4609-8da0-27f402e28edd.jpg,11
135,56ff580a-fcab-401c-bf17-e6fc37bfa91b.jpg,11
136,33244f90-b3ef-40fe-a421-43c4862c6344.jpg,11
137,9d4ab37d-2d5c-4463-a264-fd0d6fd27793.jpg,11
138,3116381f-c6b7-4e48-8cf0-ac34ba4c46aa.jpg,11
139,5acba02b-809e-4554-ad23-090315c5d58e.jpg,11
140,f27b4557-02fe-4646-92d4-97f2af8c0b3f.jpg,11
141,8c9c817f-2229-4d47-ac68-81bed02ed2d4.jpg,11
142,b93066e0-916e-40e0-a9b4-499dda5246fa.jpg,11
143,cfddb6b1-49af-42fa-b4d8-8954341677d4.jpg,11
144,34e5be78-cfe8-4521-a927-54fca8edd89c.jpg,11
145,eff533a5-a500-4ef9-864d-f8f347084ed0.jpg,11
146,c97a5a44-178c-455e-895f-e5ffd82994c2.jpg,20
147,9aac1a35-9de4-44f8-8fb4-b270f97831f0.jpg,20
148,df8cd003-eb65-4174-b679-c42c21ede530.jpg,11
149,9f40a3e7-dcd9-4129-9e0a-dc77d5688c3b.jpg,19
150,44a16c30-9d47-40cd-af42-9d0917e8c5ba.jpg,11
151,d746af14-0d57-43d4-8b9c-4a8214367096.jpg,11
152,d787246b-0295-4cff-ae81-b8068dc62b60.jpg,11
153,aa0e17bd-a0e0-4ddc-bae1-b514dd57f052.jpg,19
154,bacd390e-36aa-4074-98fe-721c92910b2c.jpg,11
155,a8d4685b-87b6-44ce-99a3-740a1f198def.jpg,11
156,3bcd58fc-1968-4f2d-96f4-34c6268a437f.jpg,11
157,095ca334-f844-4e9e-97c7-10262a9f8623.jpg,19
158,bab8b7f0-84b9-43a9-9417-602ad4d75cdf.jpg,11
159,3096a814-ce6b-4611-a167-c3715a82c3bb.jpg,19
160,3274e9f7-8800-456c-9a25-ae891e2c5d31.jpg,11
161,b198c7bc-caa6-41d1-89d4-a73a676f37e5.jpg,11
162,3a9861a6-4541-4b1b-b301-8ed98bf8b5f9.jpg,11
163,c5b3fc87-870f-42c3-98fb-6256b97d9dcb.jpg,11
164,69c257e5-075e-44cc-bbda-4634938aa71d.jpg,11
165,a962301f-1fcd-4b9e-9060-f1a8971ec841.jpg,11
166,309c3db1-2308-4aea-8d16-dfa6e6968f4e.jpg,11
167,4bc77db4-0a40-427e-8dcb-d89686a393df.jpg,19
168,0568dc4f-428b-4a93-a8ce-2902ea46f947.jpg,11
169,17be47f8-acab-43cc-91fe-e421ce6b500c.jpg,11
170,aace8c6c-f875-4baa-a9a5-30ee2f65e988.jpg,11
171,18646bd7-6fca-487e-916b-0c9e3ceff3b6.jpg,11
172,968a3e9d-6d81-4034-a416-e211100ab9fa.jpg,11
173,9f2b76b6-e1da-4901-ac0a-841c4ba5539f.jpg,11
174,80dbb366-032d-4957-b302-9a3a0c231964.jpg,11
175,27653376-cd9f-4f83-9199-f3101bea64e5.jpg,11
176,09ef1c0c-a568-4e59-a6db-48bddb7c99a3.jpg,11
177,62df80e5-1efc-493e-993f-704196624b0e.jpg,11
178,f10bc475-1bbc-4add-98b5-2db13600596c.jpg,11
179,b45f1dca-f2c6-41f4-b6a4-b512beb5f311.jpg,11
180,4a4dc28d-5c4a-4abc-a722-f70f6c6560a7.jpg,20
181,bf922e68-ac05-4305-aa4c-fba39566b39a.jpg,11
182,c08589a4-1dcf-4b54-8d71-c79d26d9590a.jpg,11
183,0f78af44-d7dd-4f54-a926-45cb49d3a58e.jpg,11
184,324dd4a5-6f35-4cf4-a25c-12ad1d2ac4c8.jpg,11
185,e90ef0b2-80c5-4519-958d-bd84c3b957c9.jpg,11
186,853d1b84-ffa1-4801-be19-5a0e529f5973.jpg,18
187,2766e16b-6954-44a9-a988-cbac093d946e.jpg,18
188,ebd37cc3-383b-4659-a5a1-aa34d726d973.jpg,18
189,b1ca9815-9377-48c8-bdff-87a9aff82ac9.jpg,18
190,a60f79a8-1d24-4687-bd60-25cc026db134.jpg,18
191,8a076eec-afbe-48ff-9911-0d1d148f1648.jpg,18
192,b1cf923c-5880-4b54-8683-aebc7017b5a4.jpg,18
193,de6a47a4-5876-4142-87c7-51157e4456f4.jpg,18
194,cc5320d7-43a0-4221-a3ef-4b1e529b2e27.jpg,18
195,18403f9e-e8c4-47f9-b49a-ae785c0f76bc.jpg,18
196,9b7d8f31-1354-41e6-9c12-7b85b5a92654.jpg,18
197,5dd3a0a9-6847-46e0-8ae3-8a413dd6e726.jpg,18
198,60be7558-3873-408d-a332-02e99f0ac440.jpg,18
199,1efdde1a-e400-4db0-b388-6605afc1b3b5.jpg,18
200,493ef39b-7ec4-42d4-9ef0-7c79b2feafe1.jpg,18
201,3906afc2-e369-48e6-923c-a49f1a52c0c2.jpg,18
202,0fa316fa-42b8-4a03-8bc9-7b52d9cc6a35.jpg,18
203,1daca339-0bf9-4ac4-92d6-e95163e5c96d.jpg,18
204,d6cf8d31-814b-4119-a281-19909645f5d4.jpg,18
205,bde1a0bd-decc-48ce-8071-ec7936025581.jpg,18
206,706bb58b-c2cb-43d5-b58d-123aea187b24.jpg,18
207,c8d68bd6-2523-42c6-999c-ae60f18333dd.jpg,18
208,e5bec038-90ca-4411-94b7-eece86eb27c1.jpg,18
209,1b62612f-afaa-46ad-bbb9-9802c1a911c7.jpg,18
210,b8a31f5e-aaaa-4bd2-b59b-ed80b2719e41.jpg,18
211,8afde2fe-a79f-48aa-a8e3-365bfd5d5450.jpg,18
212,5f6d96df-6229-40db-988f-ed01ca964e84.jpg,18
213,44703e90-7d56-4888-9460-27af4d196d1d.jpg,18
214,06fb2a2e-00b4-4e2b-b8ce-a72b049599eb.jpg,18
215,955bb39b-4d29-4e26-a5ec-397897344719.jpg,18
216,27e7e39d-15f2-4fb1-abb1-32231e27fcd3.jpg,18
217,421a29fd-426c-4313-a2a6-9a4f0063b3dd.jpg,18
218,0a2d8a84-07ee-4d76-a246-8625d1c2cc65.jpg,18
219,fd80e1ea-a35f-4292-82b2-f236d93deaba.jpg,18
220,9781c3e4-38d6-4474-bb86-14ca356595d7.jpg,18
221,3a77828f-17b5-4ed5-be7a-5b1f5e98071a.jpg,18
222,c6dcbc29-1c93-4c93-9acf-43df098cc6c0.jpg,18
223,4d0fd5c7-39a8-4a50-914f-f853d522f7ce.jpg,18
224,28f5ef47-873b-4a51-8cc3-20914dd93010.jpg,18
225,fa7ea4ec-ced4-4556-8d45-f1b91761eeb6.jpg,18
226,96ba7c22-4463-49fd-92a6-3d6db02563f1.jpg,18
227,fb939982-f94c-4c66-8a07-c9781b128b8d.jpg,18
228,af3d69a9-50e8-421c-addd-fb90a75c4401.jpg,18
229,392e8783-5685-4602-99aa-04b68e16e297.jpg,18
230,2d390b34-c4dc-4fa1-84a0-8873d466b18e.jpg,18
231,b055eb02-fcc9-44ee-98b2-89ba3f2231a0.jpg,18
232,dcc19cd2-8388-4866-9f65-be364606e4e4.jpg,18
233,d3f9a175-3ec2-4447-9768-7a83783e2eb0.jpg,18
234,87b0458b-2c7d-40e1-9380-ebb04a0979bb.jpg,18
235,199f92e3-68bb-4130-9a65-999c67bdadd9.jpg,18
236,1e54caf4-76f0-41bf-b7e6-5760e4e6de0f.jpg,18
237,99c95d5d-8cfb-469a-b35c-78ce87496e5a.jpg,18
238,0b943d47-7c22-4ce9-9b97-6659bee23564.jpg,18
239,eadd3ccd-f24d-495a-805f-e792edfae304.jpg,18
240,fc24521d-2c62-4069-a89f-df4a0152e455.jpg,18
241,b6add54a-cb13-49af-a82e-b2d8340df03f.jpg,18
242,7631cf4a-9b96-4d73-b1e3-1aab1c3cb1ab.jpg,18
243,bc35bd8a-8be6-4b83-8ebf-e6acc70b1a4f.jpg,18
244,f547d606-107b-4bf7-bb06-2867575471af.jpg,18
245,92cf8809-c10b-4071-9242-c97ffbf3dbda.jpg,18
246,b09ef958-a37e-444a-8453-2fa905ee537c.jpg,18
247,d0b101de-d1fa-4dde-bf30-5ebacc2da949.jpg,18
248,03b50e9b-f2e8-45c7-b3e3-0917e568ca54.jpg,18
249,9b8c3de1-07c1-4761-93e1-69a5aef201b9.jpg,18
250,416562db-dd0e-4799-a86b-71545164b9b9.jpg,18
251,de07da72-bd31-44d9-993e-7b50120a8d61.jpg,18
252,95ab1d7f-04bc-4406-b976-8aac2b7c7088.jpg,18
253,bf0d1a16-6645-4e1a-819d-3ac61954f8d7.jpg,18
254,69dcd8ba-bd8e-4eaf-ba9c-d66b7485ee58.jpg,18
255,49a6786a-8803-4918-a55e-607204ec180c.jpg,18
256,b516dc03-c87c-4067-b0d8-595b02b81a31.jpg,18
257,f6dfc6a2-e334-4ee5-a01f-0f852ce5bc96.jpg,18
258,b5557d29-55ca-4c61-817e-5b91e2eade97.jpg,18
259,d5a5f49e-57a2-4222-a8ce-ee07a5b045b3.jpg,18
260,80a2ef5e-9809-4250-9a52-806a71051ed5.jpg,18
261,70ce3a3a-bb2c-49d0-bac5-06c216d95b93.jpg,18
262,b5ac0f43-21eb-4476-84f4-a3e0ba7ccf23.jpg,18
263,c713f171-5be1-447c-b90e-a327a0e51756.jpg,18
264,0d01938f-c3c4-42f6-a5a9-d083bdc74803.jpg,18
265,83c49c36-800f-4167-a0f2-fa8059031114.jpg,18
266,a40949bf-5750-4bd5-80bd-6bc90e352320.jpg,18
267,010897c4-2bf1-444d-8af0-cbf995ad44be.jpg,18
268,fd9f843a-5dea-490c-a46e-0f1beb609967.jpg,18
269,ca8785d8-fc1b-41ee-a671-76dd182d7472.jpg,18
270,447bf7f7-e895-4fe2-9b81-e98b2d03ce4a.jpg,18
271,fe16977a-0486-4d82-9841-0bfd356e5aea.jpg,18
272,51ed2ebc-4d35-4d01-9a10-04f9c6a7864f.jpg,18
273,c943e8c0-da02-412c-94c0-208e5d6b6c24.jpg,18
274,2e157d8e-cecd-47ff-a907-5bd482ac49ac.jpg,18
275,7aa005c8-e9f2-447e-9bae-92d2e072c8b8.jpg,18
276,28402f3e-d6ea-442b-8ea6-af3ee4ead20c.jpg,18
277,e7fdcab9-04d7-446d-b9f2-b3b7fcd08911.jpg,18
278,bb89d5a4-019b-472b-ada1-b11990228c6a.jpg,18
279,b0233936-de6a-445d-834d-d8d07a321e52.jpg,18
280,57469600-ea10-4ae5-93a1-1252bb3e6837.jpg,18
281,346383a1-dba7-48e0-bcac-01f12a9b4eef.jpg,18
282,6bb49529-6c6e-4773-8e8d-aa7b25cc2092.jpg,18
283,54511fb3-5a65-447a-8610-750abbe484e6.jpg,18
284,b4b8c994-e11a-48c2-abbd-33305cbc492f.jpg,18
285,d81ecba2-13fe-4aea-8430-53e339aa808b.jpg,18
286,05dc5b30-39c3-4ac6-9260-6b16e17c9731.jpg,18
287,c0326564-5c18-4de1-ad1e-0d7e62745ed9.jpg,18
288,0783d113-d208-4ac9-9b0a-5ba805e0b45d.jpg,18
289,718c20fc-d08f-46c0-bbca-331b16149c9c.jpg,18
290,bc896631-5952-4a45-a927-a0b07622707b.jpg,18
291,23cdb58e-68b3-4624-9125-9739fb826678.jpg,18
292,af879e25-950a-4b0e-a3ca-6a9a52659769.jpg,18
293,e5aba1bf-e464-41e4-8e1a-57a5fd666446.jpg,18
294,d5b900dc-79b0-49e0-b596-d35da92543ac.jpg,18
295,d92e81d5-6f97-48fb-bd87-447050e80482.jpg,18
296,69573dc0-2716-46d4-adb3-9cc93ca7e7df.jpg,19
297,76cb19ba-5577-4ac6-b687-82910991b1d3.jpg,19
298,91337c61-80f5-4734-81dd-656ceead091e.jpg,19
299,b431e6fe-6063-4d5c-8921-c69c44031cfb.jpg,19
300,3b3c2ae5-d50d-42d8-b5e5-1f37a432c5dc.jpg,19
301,1282409d-4658-450b-b753-52d3d4c02190.jpg,19
302,9f68d03b-2f3d-4370-85f3-17ee621b5e48.jpg,19
303,6ae2c760-bf16-4358-8734-2e9657cf7500.jpg,19
304,6fa93008-6037-4c17-ae82-c1d5f73be248.jpg,19
305,5df857f4-d46c-4c60-8f6b-3da17453f683.jpg,19
306,b6c2a59f-93fb-47d4-ad68-66051b35d4b5.jpg,20
307,d0febbbd-a5a9-4b02-b51c-ff2d463c330a.jpg,19
308,d87bbd1c-6cdd-45f2-880c-aee43bf57af8.jpg,19
309,61eb9cba-000a-4245-b993-78a081f0eade.jpg,19
310,a2f3feda-77b7-4515-878c-a6bd337a2e9c.jpg,19
311,5e5516d2-3c3b-4125-9ed8-890a4f0984fa.jpg,19
312,b2f78900-f28e-4857-a194-ee1f1da32b6b.jpg,19
313,855c1ee6-b7f2-47fb-b7f1-8e2c80f351c5.jpg,20
314,b5d7cd78-ed4a-46a2-9a10-32201bba5066.jpg,19
315,4672e4ad-2f17-44d4-8b1b-3911839189e3.jpg,19
316,18a9ea6f-03f4-4f5a-bb65-fd58d859c2f6.jpg,19
317,1c44e39a-7fe5-4ff5-b3fa-4f210fa8ba88.jpg,20
318,48f13758-a78c-4d06-b213-e86ef6f425ca.jpg,19
319,71033cc7-b091-4ffe-8cc5-229640a6ebab.jpg,19
320,1c5767b0-de68-4de9-a7ad-1c61682685bd.jpg,19
321,ef78f831-4230-4221-bc88-ed0d463a06c3.jpg,19
322,9d3b29de-5a63-42b4-aaad-e8df7a44b1b3.jpg,19
323,560f9053-b4b3-4b84-831d-da592715ae46.jpg,19
324,585d8089-c6b5-4537-bc77-ecbfda80e007.jpg,19
325,13bbba25-6106-484a-811f-ece0c024c48d.jpg,19
326,b69b2f81-89ba-40a3-b1f2-aa55d7aec87a.jpg,19
327,4c755e72-e672-4898-b8aa-2b1c99d3f2b2.jpg,19
328,4a9f320f-316d-4a0b-b4b6-2458e8c95ac0.jpg,19
329,86782db4-917a-439a-8fc2-53987991fcaf.jpg,19
330,b70c1678-cf58-47fa-a355-caf1105e31fb.jpg,19
331,04587e37-e350-4968-acd6-110f5bc7f8cc.jpg,19
332,8f570cf4-2984-4705-bf78-92191644f103.jpg,19
333,1bbdf572-0ad1-4b71-b760-1f6a34598d49.jpg,19
334,9f2ea0ba-f412-4a74-b4be-72de6756dc00.jpg,20
335,c94ff0a8-b52a-47bf-af12-6c248cfa7c94.jpg,19
336,05dac067-1d60-407d-9da3-4b9f9b534221.jpg,19
337,7237e435-1ea3-421d-97d5-a35eb4da8bea.jpg,19
338,aac74f07-3de8-403a-a49a-28fd8225de3d.jpg,19
339,294ea8cd-e884-4bc5-af2f-15b578dcc7af.jpg,19
340,99dea2b4-4f6d-4d47-805b-5d20d2d329ca.jpg,11
341,9e5906ce-8689-425d-82fa-2a941c676edf.jpg,19
342,bbb5e8b0-9afe-404b-9c07-e17d429a797c.jpg,19
343,03642721-3502-4bf5-a184-6202f5ee7313.jpg,19
344,b412afe8-8e25-4524-a534-6bad3c581443.jpg,20
345,a4adb26d-e994-4442-9bf3-273c674caf58.jpg,19
346,d557cdd9-902a-450c-b27a-14ff0c79a5a1.jpg,19
347,3e68c048-25ba-48f9-9df6-bc2e8179131c.jpg,19
348,56b8212a-6c80-40e2-af4f-75da260d6ef2.jpg,19
349,e1f0881b-83ac-4169-8d11-8882fb5bb600.jpg,19
350,824eeac7-2bac-4ddd-b47b-fc228ba6be8d.jpg,19
351,04d75688-fec3-466e-8844-b7402020680f.jpg,19
352,1b172c4b-40c0-4cdb-abca-951831a09b21.jpg,19
353,92437a6a-afb0-4be3-b331-3344ebae3b28.jpg,19
354,6b200aa7-161a-48a9-b706-a72e0323c543.jpg,19
355,6fa74694-2d55-4b90-929a-1d3fa38196cc.jpg,19
356,161ae6d8-8433-45e0-b3de-70c3736f59fe.jpg,19
357,40d58d67-2597-41c8-93b5-1b733fe07171.jpg,19
358,dafdde5a-2804-41f7-95c2-b46b2dd77b5c.jpg,19
359,c155a590-b959-49c8-90a1-8b4072472535.jpg,19
360,cacd2bb9-3b20-44e4-8420-1e8b9594f187.jpg,20
361,6442d78b-2490-4fc9-b5c5-300559d6182d.jpg,19
362,0ed9b80d-2922-4461-b7c4-fb95ad0ce6cf.jpg,19
363,ffcbfc30-e6be-4ccd-aa64-414191cc00fd.jpg,19
364,f16423f1-50d9-47e7-a3d4-ecc813a47ecd.jpg,19
365,03d8422d-921e-4ce6-b5c9-974f9a2bc4a0.jpg,19
366,e317f58d-3b72-4f92-985b-3f117ae6c2e7.jpg,19
367,90b90ce6-fcc5-45e2-ae64-6832f81fe0d7.jpg,19
368,3ff5dc31-d8f7-4155-93a6-d9281f30eaf1.jpg,19
369,074d061e-2eaf-4009-aee9-4019365d4061.jpg,19
370,1e638581-0eb2-4c19-becc-f8fcee886c92.jpg,19
371,65cb8658-4a01-444b-bbcc-b80d0ebc7d70.jpg,19
372,754ad21c-9c31-4a7e-9489-124c5bf0432d.jpg,19
373,4115e256-53e3-40a1-80af-b890acda6b49.jpg,19
374,cc85cf32-d9e7-4794-8479-d7c455314627.jpg,19
375,051b6719-4218-49b8-8434-8b9490e866cd.jpg,19
376,9614666c-d397-405d-832d-f8652be08451.jpg,20
377,48b7506f-8be3-4db0-b383-39af7afa3a65.jpg,19
378,f383a89c-019f-46c5-a069-521cc88dfc4c.jpg,19
379,bcb8d762-954d-437e-b27f-431f0c78065c.jpg,19
380,0bac8bc4-2f2e-427e-a5be-950fc402592b.jpg,19
381,c08e64b9-2327-4e12-8670-0a9aeb1d1f4a.jpg,19
382,beb6fe18-a1c6-4f5e-bf14-959e63947ae7.jpg,19
383,56136522-fa7c-4d85-92fa-bf1ecfecfe10.jpg,19
384,d19f85b3-5ac1-4723-bad4-03cbafa9e951.jpg,19
385,a9c7363b-5397-4c72-8e0d-ae9f98018f00.jpg,19
386,7fa76131-60eb-4b12-bc98-5094c7393abd.jpg,19
387,c58e7569-9991-4b52-a2ff-a32f55e8807c.jpg,19
388,98651f53-103f-495c-9658-37c159660991.jpg,11
389,e65d6a61-8b28-4527-a788-b9de5c1e3710.jpg,19
390,4538c822-3030-4e9a-85a2-24f18f0b40c1.jpg,19
391,de50b591-8657-4194-8bc7-aa6e0c108fc5.jpg,19
392,46f7ac4a-c3ab-4938-9c96-a0ade56cfc3d.jpg,19
393,559cb7f5-e4e9-4911-921c-24b3ca842885.jpg,19
394,67925e9c-1bd4-4613-8cc1-d79b5b223988.jpg,19
395,5fb1ff17-b423-4960-81f7-013f6bc2e9f1.jpg,19
396,ab93ad09-4276-4495-a753-fb0b520c843c.jpg,19
397,e221df42-551e-4f5e-8771-6deca850ebd5.jpg,19
398,ac44f2fc-41e2-4bcd-b341-1e757e955e66.jpg,19
399,730fdccd-5164-41d8-9625-9595053b3401.jpg,19
400,b4a71fc2-808d-4b63-b857-73445f960311.jpg,19
401,07ac9bc9-5618-4a73-938c-301cd3053a75.jpg,19
402,991bec3a-3fc7-47ae-ae92-3ea0863075bf.jpg,19
403,ba94e9df-5d7e-4042-8778-5d83d88ff550.jpg,19
404,668ce989-8d41-446c-adb4-7c262f8fba18.jpg,19
405,8f797f61-a402-4707-ab9f-102e11c8ccdb.jpg,19
406,09bbb7b3-d39b-4099-8122-984c78e756bb.jpg,19
407,f6c4017f-069c-463b-9bec-4d73b28b386d.jpg,19
408,351ec0f7-d645-4332-9674-de5391c2b0b1.jpg,19
409,0c458a83-4d75-415e-897d-10a5828eb11d.jpg,20
410,e7662f71-59f9-40b7-b6a7-7e1e319beec0.jpg,20
411,79863ccb-c3fd-4e72-8337-3aefd67f70f4.jpg,19
412,87fca946-9b92-44b9-a371-e217fa2fc070.jpg,19
413,5ae375c4-7fc1-4bb3-80c1-9239d9e7117d.jpg,19
414,926469ab-5e35-49f7-b8a3-699d2e733a21.jpg,19
415,740964b8-4ee9-4fdb-ad1e-6cfbd6a321c8.jpg,19
416,a1037e21-1f97-4d10-820c-1d00856e50dc.jpg,19
417,380e44a8-a04f-4c2c-bf32-fed4dbaab483.jpg,19
418,77ca08b8-d84d-4267-b602-af22333174c8.jpg,19
419,7fcd294e-ae95-4abb-bc6f-2b3a61ac8f23.jpg,19
420,2691eb04-9bb2-4b4b-b5ba-09d3ac466370.jpg,19
421,d798d899-ae72-401d-a0f8-4e823ac90fe7.jpg,19
422,492bb8af-212d-4447-a585-52d7e349ada9.jpg,19
423,01d3dc36-53a0-46b6-9f79-9e30f9af1069.jpg,20
424,9e59600b-35e1-4d38-85f3-a495ab94656b.jpg,20
425,9a6d72f9-72c6-4d10-a3eb-39e4afe8afce.jpg,20
426,2cf341f9-5cae-4ec0-980d-f8ffb2d6a520.jpg,20
427,1fdc18e4-e263-4c66-845f-253d36d7b5c9.jpg,20
428,11fe98c4-d9d2-4a1a-850e-6911f261f0f7.jpg,20
429,317e511c-0c6e-4fb8-8d12-4dd4b62af196.jpg,20
430,11028fc0-4fad-4084-9ead-a02b74b6bb05.jpg,20
431,f51eccaa-280d-437f-b728-5e7ecec90cb2.jpg,20
432,9764f913-7fbc-471f-8a4a-25631f8cb124.jpg,20
433,c1b7ac68-a525-4be8-a603-2c4c43a01416.jpg,20
434,a94d304e-1254-4a14-8e80-c44c9891717b.jpg,20
435,7f672535-06ae-4b54-9751-e5cf13bccf59.jpg,20
436,bdf2d756-ab10-4543-8efd-76a7c655831c.jpg,20
437,dae8a4db-388c-44fa-84ea-e2a97ffc2e0c.jpg,20
438,93372573-405e-4058-b468-be06509f4c3c.jpg,20
439,1a4af1f6-07e3-44b0-b634-2972a8dc8404.jpg,20
440,094ca683-6342-4666-9a41-8ee372c80485.jpg,20
441,c2391b76-44b8-4df1-a4ad-a9e2508f9a1c.jpg,20
442,bbe86d46-a88f-4190-be17-992818371a79.jpg,20
443,f4478f6c-1471-409e-b937-82b889a8176c.jpg,20
444,f2cb9f0b-4b6c-4bcf-87c6-8c71db327b8e.jpg,20
445,b985b203-15ca-43e6-bc80-caab8b31c074.jpg,20
446,74389311-1192-491f-b200-2dc2e2172aab.jpg,20
447,cd8f6263-1123-45b7-a41d-4a4891b8740c.jpg,20
448,82517a6b-b539-495a-9ef5-4d8d8f4372b7.jpg,20
449,8bbd823e-150a-4d97-8d2c-d1a129c958b6.jpg,20
450,ed72e791-1eab-4031-9cd4-073fe4b9848d.jpg,20
451,6b3a5539-f117-4cfe-9f15-576c82a9b896.jpg,20
452,a74d4523-8ee8-4769-8d72-8e62ccafb1a1.jpg,20
453,6951012b-e1e6-419e-af50-f4aa6cda98ae.jpg,20
454,598c075c-e15b-4646-b195-ff79778e243d.jpg,20
455,6a894d70-d650-432a-a7fe-a16dc3d7023f.jpg,20
456,27ba8159-afc6-47cc-be8d-73136fa86852.jpg,20
457,798125e8-1892-4ae0-846c-19a8cbbbcd79.jpg,20
458,c59a070a-d174-46e4-8c09-5d1a02aecb8d.jpg,20
459,56ab3e09-3236-4024-9080-e1d3b2be44b4.jpg,20
460,7799e8c5-d8ae-4ebb-896d-dc2c902d281d.jpg,20
461,b5391fde-6a72-4146-bf38-bfb0eed415b9.jpg,20
462,2c24d08d-3225-4511-94bb-b63716894a05.jpg,20
463,76e0ee70-3efa-4edd-8125-9819901cf51b.jpg,20
464,1086dad5-eea2-44a4-86a5-6b8eb3976b1e.jpg,20
465,d57081c7-a604-43de-b8d3-319c20ce0190.jpg,20
466,ce301ca1-ed7e-465d-8e18-82fe4a5fdc20.jpg,20
467,145c9d45-56c7-4dc7-94a4-c612ec98ea99.jpg,20
468,6bb4649e-d88f-415b-a430-43d37843c197.jpg,20
469,65d2920a-6ccf-4e1d-b8fa-bcd300b4ea53.jpg,20
470,72c2585e-02bc-42f6-b062-e02a14345f55.jpg,20
471,e6cbdeb4-4873-4280-a9f3-90de4c045bc9.jpg,20
472,1aa5300b-f655-4abd-9d56-5b8cad87d2cc.jpg,20
473,35df1e3a-168a-403e-88c1-b7dc7bdfae19.jpg,20
474,6a7e0d36-2a08-4eba-89a4-4881832ccd71.jpg,20
475,90de4216-4ea8-4e82-9a2e-885fb4619c2e.jpg,20
476,01c98db8-0ac1-4877-8054-9238f9d04062.jpg,20
477,a9f480ac-7d88-4fea-868b-d7c925a78576.jpg,20
478,3e72971a-a8bc-48dc-a19f-d6e63c4b2c48.jpg,20
479,17fe0169-85e8-4b50-bc65-e593d29ff5f2.jpg,20
480,40904ae1-028a-4b1b-8b85-c699bb6529c7.jpg,20
481,c062beca-4a27-4746-ac82-a9d4aa5e9764.jpg,20
482,93a46e18-5899-423d-91d8-90727b8c49ab.jpg,20
483,9ed22465-1a65-47c9-a62b-544623e26787.jpg,20
484,cb3a6898-c7ca-4121-b17c-1ef231f448de.jpg,20
485,e6e4419c-a4d0-49fc-ba6c-adc837d9948b.jpg,20
486,ca165916-8553-48da-a9b2-3df6c631b28f.jpg,20
487,08cc5fc2-20fd-47bd-aa11-99804b827f6c.jpg,20
488,3e6107ac-1972-4024-a6c3-795b4e81597d.jpg,20
489,967a9ad1-a64a-4305-b09a-d6f2847de800.jpg,20
490,394087ff-73d9-493b-aa3f-7319a54bbc17.jpg,20
491,7a3124c0-cc98-4a9e-a082-ba0527a426fb.jpg,20
492,067fb78b-fe6b-447d-81b1-9dfd920d4a8d.jpg,20
493,da939914-14c5-4e5f-8b02-7ac28a9c8eb3.jpg,20
494,21549690-93cf-4873-9238-b4ebb14915be.jpg,20
495,342ef513-3428-4f53-a3cb-a20622939c4c.jpg,20
496,0f55bf72-9c5b-44f6-af11-67e174b767ec.jpg,20
497,eaea8761-2c66-446e-9e7b-29a939f7418f.jpg,20
498,dae1e54f-026c-4de0-8655-8b2e476ed107.jpg,20
499,0e40558f-8be1-4395-af57-65365b143bde.jpg,20
500,56047bb9-cc5d-4025-99a5-c435e67b494d.jpg,20
501,d640363a-6e33-425b-a158-3b8eef3b6a50.jpg,20
502,c89a0f45-ba35-448b-a0c2-e7200157b233.jpg,20
503,deaefc1a-7a04-4073-8829-136fe02261d0.jpg,20
504,480a8846-2fc6-4ea8-aa55-00325fa78a7e.jpg,20
505,d0a44e61-8084-4f51-a183-71d7dad484b8.jpg,20
506,65d5c130-100a-450b-acb4-bde5112e8f81.jpg,20
507,1dc1dedd-337d-40f3-826f-b7791c7fdf6f.jpg,20
508,518ed3cc-776e-491f-908e-ceca1e7cd917.jpg,20
509,dfc32ced-393c-4f55-9fcb-5807824024d7.jpg,20
510,a371a6b8-cab3-417c-a89a-945243f95986.jpg,20
511,2501cd5a-8f0e-44bf-b07b-32b56dddb37c.jpg,20
512,ab3aeb0b-22c2-4012-818c-89cb1142d826.jpg,20
513,4c3dd349-fd85-4179-86e7-da0e73b7bef2.jpg,20
514,42acc3e4-a2c8-4470-96bf-b410fbb48b99.jpg,20
515,d68f8269-3875-469e-bb45-421944e4c2c0.jpg,20
516,b15684c3-7184-4bf6-8f13-06bb61bf327d.jpg,20
517,e3fda011-1e8d-4a72-99c1-1b2f491b659e.jpg,20
518,294cfdae-91d0-4ddd-9091-a793923a6f86.jpg,20
519,fb342c36-e66b-46c5-a397-5161d4713996.jpg,20
520,154b3686-80a7-4bb9-8c7d-789e689a6174.jpg,20
521,d592f6a3-c85b-41e8-9040-826a64bd4412.jpg,20
522,bbf0b513-d922-4a9d-a463-9bbf00858426.jpg,20
523,52697509-9b15-4e97-8abf-075193ba6b52.jpg,20
524,24c04e20-b852-46d5-9f3d-d3b88d660930.jpg,20
525,e0d7e2fc-63b4-49e7-9fa1-226a92ddfa5e.jpg,20
526,0317f3ab-dc88-4124-883f-72566109e758.jpg,20
527,43c77881-7273-4a02-a397-61ca2b46e0b9.jpg,20
528,c531618f-6185-41c1-a4ce-b40872291784.jpg,20
529,5f40a51f-0cd9-4af8-b572-dbd6a3900dfa.jpg,20
530,50f2a2a4-bd16-4697-bf25-65d043188f9e.jpg,20
531,b81b0688-6889-4854-b688-02eea704af08.jpg,20
532,4709e34a-4817-4415-b1c3-5c742fbe0146.jpg,20
533,cd128c0d-ff86-4311-9d62-bf9029d64479.jpg,20
534,091dbe1c-dd72-460c-88d5-17de9de88581.jpg,20
535,f5aa66a6-322f-422d-83f8-7d9ee225e11d.jpg,20
536,9c93fa88-3abe-4e8b-a5e8-895cd02cf5c2.jpg,20
537,0d795978-b1b7-43f3-804d-0c2567e4e5b2.jpg,20
538,dfd881ac-2301-4e6c-8afd-0f6348f2a5d5.jpg,20
539,69bcf2b2-3eb9-4e5c-b335-920978b28288.jpg,20
540,c9112e9f-35ef-495e-adbb-1c5d0d67c202.jpg,20
541,bd263be2-bd95-4971-8e7c-05be6e3ae9b4.jpg,20
542,c88cfcde-b71e-47dd-972a-23cd6e66d460.jpg,20
543,bfa7f3e4-485c-4ab6-90bd-c21a85b9e374.jpg,20
544,e4a1b222-8911-4a86-9460-1a7f16c9f95e.jpg,20
545,d99d964c-df29-458e-86b1-1cb3bbb1fcbe.jpg,20
875,17e83f9a-3301-4a50-b292-9f3ddad64e1d.tiff,18
893,aebc2f61-bafd-4e96-a001-bf62b0607778.tiff,18
1015,5a8d15b6-1a05-4151-a00e-6c7ac19ef85d.tiff,18
1031,bca5e91c-d6c4-4055-85ce-d3e7c7d7ec42.tiff,18
2180,e317acfd-8926-43d4-bab2-74b19b22668f.tiff,18
3453,c42d81c9-fa68-46c5-9676-65ff7e9f6750.tiff,18
