,ID
1650,0
1651,0
1652,0
1653,0
1654,0
1655,0
1656,0
1657,0
1658,0
1659,0
1660,0
1661,0
1662,0
1663,0
1664,0
1665,0
1666,0
1667,0
1668,0
1669,0
1670,0
1671,0
1672,0
1673,0
1674,0
1675,0
1676,0
1677,0
1678,0
1679,0
1680,0
1681,0
1682,0
1683,0
1684,0
1685,0
1686,0
1687,0
1688,0
1689,0
1690,0
1691,0
1692,0
1693,0
1694,0
1695,0
1696,0
1698,0
1699,0
1700,0
1701,0
1702,0
1703,0
1704,0
1705,0
1706,0
1707,0
1708,0
1709,0
1710,0
1711,0
1712,0
1713,0
1714,0
1715,0
1716,0
1717,0
1718,0
1719,0
1721,0
1722,0
1723,0
1724,0
1726,0
1727,0
1728,0
1729,0
1730,0
1731,0
1732,0
1733,0
1734,0
1735,0
1736,0
1737,0
1738,0
1739,0
1740,0
1741,0
1742,0
1743,0
1744,0
1745,0
1746,0
1747,0
1748,0
1749,0
1750,0
1751,0
1752,0
1753,0
1754,0
1755,0
1756,0
1757,0
1758,0
1759,0
1760,0
1761,0
1762,0
1763,0
1764,0
1765,0
1766,0
1767,0
1768,0
1769,0
1770,0
1771,0
1772,0
1773,0
1774,0
1775,0
1776,0
1777,0
1778,0
1779,0
1780,0
1781,0
1782,0
1783,0
1784,0
1785,0
1786,0
1787,0
1788,0
1789,0
1790,0
1791,0
1792,0
1793,0
1794,0
1795,0
1796,0
1797,0
1798,0
1799,0
1800,0
1801,0
1802,0
1803,0
1804,0
1805,0
1806,0
1807,0
1808,0
1809,0
1810,0
1811,0
1812,0
1813,0
1814,0
1815,0
1816,0
1817,0
1818,0
1819,0
1820,0
1821,0
1822,0
1823,0
1824,0
1825,0
1826,0
1827,0
1828,0
1829,0
1830,0
1831,0
1832,0
1833,0
1834,0
1835,0
1836,0
1837,0
1838,0
1839,0
1840,0
1841,0
1842,0
1843,0
1844,0
1845,0
1846,0
1847,0
1848,0
1849,0
1850,0
1851,0
1852,0
1853,0
1854,0
1855,0
1856,0
1857,0
1858,0
1859,0
1860,0
1861,0
1862,0
1863,0
1864,0
1865,0
1866,0
1867,0
1868,0
1869,0
1870,0
1871,0
1872,0
1873,0
1874,0
1875,0
1876,0
1877,0
1878,0
1879,0
1880,0
1881,0
1882,0
1883,0
1884,0
1885,0
1886,0
1887,0
1888,0
1889,0
1890,0
1891,0
1892,0
1893,0
1894,0
1895,0
1896,0
1897,0
1898,0
1899,0
1900,0
1901,0
1902,0
1903,0
1904,0
1905,0
1906,0
1907,0
1908,0
1909,0
1910,0
1911,0
1912,0
1913,0
1914,0
1915,0
1916,0
1917,0
1918,0
1919,0
1920,0
1921,0
1922,0
1923,0
1924,0
1925,0
1926,0
1927,0
1928,0
1929,0
1930,0
1931,0
1932,0
1933,0
1934,0
1935,0
1936,0
1937,0
1938,0
1939,0
1940,0
1941,0
1942,0
1943,0
1944,0
1945,0
1946,0
1947,0
1948,0
1949,0
1950,0
1951,0
1952,0
1953,0
1954,0
1955,0
1956,0
1957,0
1958,0
1959,0
1960,0
1961,0
1962,0
1963,0
1964,0
1965,0
1966,0
1967,0
1968,0
1969,0
1970,0
1971,0
1972,0
1973,0
1974,0
1975,0
1976,0
1977,0
1978,0
1979,0
1980,0
1981,0
1982,0
1983,0
1984,0
1985,0
1986,0
1987,0
1988,0
1989,0
1990,0
1991,0
1992,0
1993,0
1994,0
1995,0
1996,0
1997,0
1998,0
1999,0
2000,0
2001,0
2002,0
2003,0
2004,0
2005,0
2006,0
2007,0
2008,0
2009,0
2010,0
2011,0
2012,0
2013,0
2014,0
2015,0
2016,0
2017,0
2018,0
2019,0
2020,0
2021,0
2022,0
2023,0
2024,0
2025,0
2026,0
2027,0
2028,0
2029,0
2030,0
2031,0
2032,0
2033,0
2034,0
2035,0
2036,0
2037,0
2038,0
2039,0
2040,0
2041,0
2042,0
2043,0
2044,0
2045,0
2046,0
2047,0
2048,0
2049,0
2050,0
2051,0
2052,0
2053,0
2054,0
2055,0
2056,0
2057,0
2058,0
2059,0
2060,0
2061,0
2062,0
2063,0
2064,0
2065,0
2066,0
2067,0
2068,0
2069,0
2070,0
2071,0
2072,0
2073,0
2074,0
2075,0
2076,0
2077,0
2078,0
2079,0
2080,0
2081,0
2082,0
2083,0
2084,0
2085,0
2086,0
2087,0
2088,0
2089,0
2090,0
2091,0
2092,0
2093,0
2094,0
2095,0
2096,0
2097,0
2098,0
2099,0
2100,0
2101,0
2102,0
2103,0
2104,0
2105,0
2106,0
2107,0
2108,0
2109,0
2110,0
2111,0
2112,0
2113,0
2114,0
2115,0
2116,0
2117,0
2118,0
2119,0
2120,0
2121,0
2122,0
2123,0
2124,0
2125,0
2126,0
2127,0
2128,0
2129,0
2130,0
2131,0
2132,0
2133,0
2134,0
2135,0
2136,0
2137,0
2138,0
2139,0
2140,0
2141,0
2142,0
2143,0
2144,0
2145,0
2146,0
2147,0
2148,0
2149,0
2150,0
2151,0
2152,0
2153,0
2154,0
2155,0
2156,0
2157,0
2158,0
2159,0
2160,0
2161,0
2162,0
2163,0
2164,0
2165,0
2166,0
2167,0
2168,0
2169,0
2171,0
2172,15
2173,15
2174,15
2175,15
2176,15
2177,15
2178,15
2179,15
2180,15
2181,15
2182,15
2183,15
2184,15
2185,15
2186,15
2187,15
2188,15
2189,15
2190,15
2191,15
2192,15
2193,15
2194,15
2195,15
2196,15
2197,15
2198,15
2199,15
2200,15
2201,15
2202,15
2203,15
2204,15
2205,15
2206,15
2207,15
2208,15
2209,15
2210,15
2211,15
2212,15
2213,15
2214,15
2215,15
2216,15
2217,15
2218,15
2219,15
2220,15
2222,15
2223,15
2224,15
2225,15
2226,15
2227,15
2228,15
2229,15
2230,15
2231,15
2232,15
2233,15
2234,15
2235,15
2236,15
2237,15
2238,15
2239,15
2240,15
2241,15
2242,15
2243,15
2244,15
2245,15
2246,15
2247,15
2248,15
2249,15
2250,15
2251,15
2252,15
2253,15
2254,15
2255,15
2256,15
2257,15
2258,15
2259,15
2260,15
2261,15
2262,15
2263,15
2264,15
2265,15
2266,15
2267,15
2268,15
2269,15
2270,15
2271,15
2272,15
2273,15
2274,15
2275,15
2276,15
2277,15
2278,15
2279,15
2280,15
2281,15
2282,15
2283,15
2284,15
2285,15
2286,15
2287,15
2288,15
2289,15
2290,15
2291,15
2292,15
2293,15
2294,15
2295,15
2296,15
2297,15
2298,15
2299,15
2300,15
2301,15
2302,15
2303,15
2304,15
2305,15
2306,15
2307,15
2308,15
2309,15
2310,15
2311,15
2312,15
2313,15
2314,15
2315,15
2316,15
2317,15
2318,15
2319,15
2320,15
2321,15
2322,15
2323,15
2324,15
2325,15
2326,15
2327,15
2328,15
2329,15
2330,15
2331,15
2332,15
2333,15
2334,15
2335,15
2336,15
2337,15
2338,15
2339,15
2340,15
2341,15
2342,15
2343,15
2344,15
2345,15
2346,15
2347,15
2348,15
2349,15
2350,15
2351,15
2352,15
2353,15
2354,15
2355,15
2356,15
2357,15
2358,15
2359,15
2360,15
2361,15
2362,15
2363,15
2364,15
2365,15
2366,15
2367,15
2368,15
2369,15
2370,15
2371,15
2372,15
2373,15
2374,15
2375,15
2376,15
2377,15
2378,15
2379,15
2380,15
2381,15
2382,15
2383,15
2384,15
2385,15
2386,15
2387,15
2388,15
2389,15
2390,15
2391,15
2392,15
2393,15
2394,15
2395,15
2396,15
2397,15
2398,15
2399,15
2400,15
2401,15
2402,15
2403,15
2404,15
2405,15
2406,15
2407,15
2408,15
2409,15
2411,15
2412,15
2413,15
2414,15
2415,15
2416,15
2417,15
2418,15
2419,15
2420,15
2421,15
2422,15
2423,15
2424,15
2425,15
2426,15
2427,15
2428,15
2429,15
2430,15
2431,15
2432,15
2433,15
2434,15
2435,15
2436,15
2437,15
2438,15
2439,15
2440,15
2441,15
2442,15
2443,15
2444,15
2445,15
2446,15
2447,15
2448,15
2449,15
2450,15
2451,15
2452,15
2453,15
2454,15
2455,15
2456,15
2457,15
2458,15
2459,15
2460,15
2461,15
2462,15
2463,15
2464,15
2465,15
2466,15
2467,15
2468,15
2469,15
2470,15
2471,15
2472,15
2473,15
2474,15
2475,15
2476,15
2477,15
2478,15
2479,15
2480,15
2481,15
2482,15
2483,15
2484,15
2485,15
2486,15
2487,15
2488,15
2489,15
2490,15
2491,15
2492,15
2493,15
2494,15
2495,15
2496,15
2497,15
2498,15
2499,15
2500,15
2501,15
2502,15
2503,15
2504,15
2505,15
2506,15
2507,15
2508,15
2509,15
2510,15
2511,15
2512,15
2513,15
2514,15
2515,15
2516,15
2517,15
2518,15
2519,15
2520,15
2521,15
2522,15
2523,15
2524,15
2525,15
2526,15
2527,15
2528,15
2529,15
2530,15
2531,15
2532,15
2533,15
2534,15
2535,15
2536,15
2537,15
2538,15
2539,15
2540,15
2541,15
2542,15
2543,15
2544,15
2545,15
2546,15
2547,15
2548,15
2549,15
2550,15
2551,15
2552,15
2553,15
2554,15
2555,15
2556,15
2557,15
2558,15
2559,15
2560,15
2561,15
2562,15
2563,15
2564,15
2565,15
2566,15
2567,15
2568,15
2569,15
2570,15
2571,15
2572,15
2573,15
2574,15
2575,15
2576,15
2577,15
2578,15
2579,15
2580,15
2581,15
2582,15
2583,15
2584,15
2585,15
2586,15
2587,15
2588,15
2589,15
2590,15
2591,15
2592,15
2593,15
2594,15
2595,15
2596,15
2597,15
2598,15
2599,15
2600,15
2601,15
2602,15
2603,15
2604,15
2605,15
2606,15
2607,15
2608,15
2609,15
2610,15
2611,15
2612,15
2613,15
2614,15
2615,15
2616,15
2617,15
2618,15
2619,15
2620,15
2621,15
2622,15
2623,15
2624,15
2625,15
2626,15
2627,15
2628,15
2629,15
2630,15
2631,15
2632,15
2633,15
2634,15
2635,15
2636,15
2637,15
2638,15
2639,15
2640,15
2641,15
2642,15
2643,15
2644,15
2645,15
2646,15
2647,15
2648,3
2649,3
2650,3
2651,3
2652,3
2653,3
2654,3
2655,3
2656,3
2657,3
2658,3
2659,3
2660,3
2661,3
2662,3
2663,3
2664,3
2665,3
2666,3
2667,3
2668,3
2669,3
2670,3
2671,3
2672,3
2673,3
2674,3
2675,3
2676,3
2677,3
2678,3
2679,3
2680,3
2681,3
2682,3
2683,3
2684,3
2685,3
2686,3
2687,3
2688,3
2689,3
2690,3
2691,3
2692,3
2693,3
2694,3
2695,3
2696,3
2697,3
2698,3
2699,3
2700,3
2701,3
2702,3
2703,3
2704,3
2705,3
2706,3
2707,3
2708,3
2709,3
2710,3
2711,3
2712,3
2713,3
2714,3
2715,3
2716,3
2717,3
2718,3
2719,3
2720,3
2721,3
2722,3
2723,3
2724,3
2725,3
2726,3
2727,3
2728,3
2729,3
2730,3
2731,3
2732,3
2733,3
2734,3
2735,3
2736,3
2737,3
2738,3
2739,3
2740,3
2741,3
2742,3
2743,3
2744,3
2745,3
2746,3
2747,3
2748,3
2749,3
2750,3
2751,3
2752,3
2753,3
2754,3
2755,3
2756,3
2757,3
2758,3
2759,3
2760,3
2761,3
2762,3
2763,3
2764,3
2765,3
2766,3
2767,3
2768,3
2769,3
2770,3
2771,3
2772,3
2773,3
2774,3
2775,3
2776,3
2777,3
2778,3
2779,3
2780,3
2781,3
2782,3
2783,3
2784,3
2785,3
2786,3
2787,3
2788,3
2789,3
2790,3
2791,3
2792,3
2794,3
2795,3
2796,3
2797,3
2798,3
2799,3
2800,3
2801,3
2802,3
2803,3
2804,3
2805,3
2806,3
2807,3
2808,3
2809,3
2810,3
2811,3
2812,3
2813,3
2814,3
2815,3
2816,3
2817,3
2818,3
2819,3
2820,3
2821,3
2822,3
2823,3
2824,3
2825,3
2826,3
2827,3
2828,3
2829,3
2830,3
2831,3
2832,3
2833,3
2834,3
2835,3
2836,3
2837,3
2838,3
2839,3
2840,3
2841,3
2842,3
2843,3
2844,3
2845,3
2846,3
2847,3
2848,3
2849,3
2850,3
2851,3
2852,3
2853,3
2854,3
2855,3
2856,3
2857,3
2858,3
2859,3
2860,3
2861,3
2862,3
2863,3
2864,3
2865,3
2866,3
2867,3
2868,3
2869,3
2870,3
2871,3
2872,3
2873,3
2874,3
2875,3
2876,3
2877,3
2878,3
2879,3
2880,3
2881,3
2882,3
2883,3
2884,3
2885,3
2886,3
2887,3
2888,3
2889,3
2890,3
2891,3
2892,3
2893,3
2894,3
2895,3
2896,3
2897,3
2898,3
2899,3
2900,3
2901,3
2902,3
2903,3
2904,3
2905,3
2906,3
2907,3
2908,3
2909,3
2910,3
2911,3
2912,3
2913,3
2914,3
2915,3
2916,3
2917,3
2918,3
2919,3
2920,3
2921,3
2922,3
2923,3
2924,3
2925,3
2926,3
2927,3
2928,3
2929,3
2930,3
2931,3
2932,3
2933,3
2934,3
2935,3
2936,3
2937,3
2938,3
2939,3
2940,3
2941,3
2942,3
2943,3
2944,3
2945,3
2946,3
2947,3
2948,3
2949,3
2950,3
2951,3
2952,3
2953,3
2954,3
2955,3
2956,3
2957,3
2958,3
2959,3
2960,3
2961,3
2962,3
2963,3
2964,3
2965,3
2966,3
2967,3
2968,3
2969,3
2970,3
2971,3
2972,3
2973,3
2974,3
2975,3
2976,3
2977,3
2978,3
2979,3
2980,3
2981,3
2982,3
2983,3
2984,3
2985,3
2986,3
2987,3
2988,3
2989,3
2990,3
2991,3
2992,3
2993,3
2994,3
2995,3
2996,3
2997,3
2998,3
2999,3
3000,3
3001,3
3002,3
3003,3
3004,3
3005,3
3006,3
3007,3
3008,3
3009,3
3010,3
3011,3
3012,3
3013,3
3015,3
3016,3
3017,3
3018,3
3019,3
3020,3
3021,3
3022,3
3023,3
3024,3
3025,3
3026,3
3027,3
3028,3
3029,3
3030,3
3031,3
3032,3
3033,3
3034,3
3035,3
3036,3
3037,3
3038,3
3039,3
3040,3
3041,3
3043,3
3044,3
3045,3
3046,3
3047,3
3048,3
3049,3
3050,3
3051,3
3052,3
3053,3
3054,3
3055,3
3056,3
3057,3
3058,3
3059,3
3060,3
3061,3
3062,3
3063,3
3064,3
3065,3
3066,3
3067,3
3068,3
3069,3
3070,3
3071,3
3072,3
3073,3
3074,3
3075,3
3076,3
3077,3
3078,3
3079,3
3080,3
3081,3
3082,3
3083,3
3084,3
3085,3
3086,3
3087,3
3088,3
3089,3
3090,3
3091,3
3092,3
3093,3
3094,3
3095,3
3096,3
3097,3
3098,3
3099,3
3100,3
3101,3
3102,3
3103,3
3104,3
3105,3
3106,3
3107,3
3108,3
3109,3
3110,3
3111,3
3112,3
3113,3
3114,3
3115,3
3116,3
3117,3
3118,3
3119,3
3120,3
3121,3
3122,3
3123,3
3124,3
3125,3
3126,3
3127,3
3128,3
3129,3
3130,3
3131,3
3132,3
3133,3
3134,3
3135,3
3136,3
3137,3
3138,3
3139,3
3140,3
3141,3
3142,3
3143,3
3144,3
3145,3
3146,3
3147,3
3148,3
3149,3
3150,3
3151,3
3152,3
3153,3
3154,3
3155,3
3156,3
3157,5
3158,5
3159,5
3160,5
3161,5
3162,5
3163,5
3164,5
3165,5
3166,5
3167,5
3168,5
3169,5
3170,5
3171,5
3172,5
3173,5
3174,5
3175,5
3176,5
3177,5
3178,5
3179,5
3180,5
3181,5
3182,5
3183,5
3184,5
3185,5
3186,5
3187,5
3188,5
3189,5
3190,5
3191,5
3192,5
3193,5
3194,5
3195,5
3196,5
3197,5
3198,5
3199,5
3200,5
3201,5
3202,5
3203,5
3204,5
3205,5
3206,5
3207,5
3208,5
3209,5
3210,5
3211,5
3212,5
3213,5
3214,5
3215,5
3216,5
3217,5
3218,5
3219,5
3220,5
3221,5
3222,5
3223,5
3224,5
3226,5
3227,5
3228,5
3229,5
3230,5
3231,5
3232,5
3233,5
3234,5
3235,5
3236,5
3237,5
3238,5
3239,5
3240,5
3241,5
3242,5
3243,5
3244,5
3245,5
3246,5
3247,5
3248,5
3249,5
3250,5
3251,5
3252,5
3253,5
3254,5
3255,5
3256,5
3257,5
3258,5
3259,5
3260,5
3261,5
3262,5
3263,5
3264,5
3265,5
3266,5
3267,5
3268,5
3269,5
3270,5
3271,5
3272,5
3273,5
3274,5
3275,5
3276,5
3277,5
3278,5
3279,5
3280,5
3281,5
3282,5
3283,5
3284,5
3285,5
3286,5
3287,5
3288,5
3289,5
3290,5
3291,5
3292,5
3293,5
3294,5
3295,5
3296,5
3297,5
3298,5
3299,5
3300,5
3301,5
3302,5
3303,5
3304,5
3305,5
3306,5
3307,5
3308,5
3309,5
3310,5
3311,5
3312,5
3313,5
3314,5
3315,5
3316,5
3317,5
3318,5
3319,5
3320,5
3321,5
3322,5
3323,5
3324,5
3325,5
3326,5
3327,5
3328,5
3329,5
3330,5
3331,5
3332,5
3333,5
3334,5
3335,5
3336,5
3337,5
3338,5
3339,5
3340,5
3341,5
3342,5
3343,5
3344,5
3345,5
3346,5
3347,5
3348,5
3350,5
3351,5
3352,5
3353,5
3354,5
3355,5
3356,5
3357,5
3358,5
3359,5
3360,5
3361,5
3362,5
3363,5
3364,5
3365,5
3366,5
3367,5
3368,5
3369,5
3370,5
3371,5
3372,5
3373,5
3374,5
3375,5
3376,5
3377,5
3378,5
3379,5
3380,5
3381,5
3382,5
3383,5
3384,5
3385,5
3386,5
3387,5
3388,5
3389,5
3390,5
3391,5
3392,5
3393,5
3394,5
3395,5
3396,5
3397,5
3398,5
3399,5
3400,5
3401,5
3402,5
3403,5
3404,5
3405,5
3406,5
3408,5
3409,5
3410,5
3411,5
3412,5
3413,5
3414,5
3415,5
3416,5
3417,5
3418,5
3419,5
3420,5
3421,5
3422,5
3423,5
3424,5
3425,5
3426,5
3427,5
3428,5
3429,5
3430,5
3431,5
3432,5
3433,5
3434,5
3435,5
3436,5
3437,5
3438,5
3439,5
3440,5
3441,5
3442,5
3443,5
3444,5
3445,5
3446,5
3447,5
3448,5
3449,5
3450,5
3451,5
3452,5
3453,5
3454,5
3455,5
3456,5
3457,5
3458,5
3459,5
3460,5
3461,5
3462,5
3463,5
3464,5
3465,5
3466,5
3467,5
3468,5
3469,5
3470,5
3471,5
3472,5
3473,5
3474,5
3475,5
3476,5
3477,5
3478,5
3479,5
3480,5
3481,5
3482,5
3483,5
3484,5
3485,5
3486,5
3487,5
3488,5
3489,5
3490,5
3491,5
3492,5
3493,5
3494,5
3495,5
3496,5
3497,5
3498,5
3499,5
3500,5
3501,5
3502,5
3503,5
3504,5
3505,5
3506,5
3507,5
3508,5
3509,5
3510,5
3511,5
3512,5
3514,5
3515,5
3516,5
3517,5
3518,5
3519,5
3520,5
3521,5
3522,5
3523,5
3524,5
3525,5
3526,5
3527,5
3528,5
3529,5
3530,5
3531,5
3532,5
3533,5
3534,5
3535,5
3536,5
3537,5
3538,5
3539,5
3540,5
3541,5
3542,5
3543,5
3544,5
3545,5
3546,5
3547,5
3548,5
3550,5
3551,5
3552,5
3553,5
3554,5
3555,5
3556,5
3557,5
3558,5
3559,5
3560,5
3561,5
3562,5
3563,5
3564,5
3565,5
3566,5
3567,5
3568,5
3569,5
3570,5
3571,5
3572,5
3573,5
3574,5
3575,5
3576,5
3577,5
3578,5
3579,5
3580,5
3581,5
3582,5
3583,5
3584,5
3585,5
3586,5
3587,5
3588,5
3589,5
3590,5
3591,5
3592,5
3593,5
3594,5
3595,5
3596,5
3597,5
3598,5
3599,5
3600,5
3601,5
3602,5
3603,5
3604,5
3605,5
3606,5
3607,5
3608,5
3609,5
3610,5
3611,5
3612,5
3613,5
3614,5
3615,5
3616,5
3617,5
3618,5
3619,5
3620,5
3621,5
3622,5
3623,5
3624,5
3625,5
3626,5
3627,5
3628,5
3629,5
3630,5
3631,5
3632,5
3633,5
3634,5
3635,5
3636,5
3637,5
3638,5
3639,5
3640,5
3641,5
3642,5
3643,5
3644,5
3645,5
3646,5
3647,5
3648,5
3649,5
3650,5
3651,5
3652,5
3653,5
3654,5
3655,5
3656,5
3657,5
3658,5
3659,5
3660,5
3661,5
3662,5
3663,5
3664,5
3665,5
3666,5
3667,5
3668,5
3669,5
3670,5
3671,5
3672,5
3673,5
3674,5
3675,5
3676,5
3677,5
3678,5
3679,5
3680,5
3681,5
3682,5
3683,5
3684,5
3685,5
3686,5
3687,5
3688,5
3689,5
3690,5
3691,5
3692,5
3693,5
3694,5
3695,5
3696,5
3697,5
3698,5
3699,5
3700,5
3701,5
3702,5
3703,5
3704,5
3705,5
3706,5
3707,5
3708,5
3709,5
3710,5
3711,5
3712,5
3713,4
3714,4
3715,4
3716,4
3717,4
3718,4
3719,4
3720,4
3721,4
3722,4
3723,4
3724,4
3725,4
3726,4
3727,4
3728,4
3729,4
3730,4
3731,4
3732,4
3733,4
3734,4
3735,4
3736,4
3737,4
3738,4
3739,4
3740,4
3741,4
3742,4
3743,4
3744,4
3745,4
3746,4
3747,4
3748,4
3749,4
3750,4
3751,4
3752,4
3753,4
3754,4
3755,4
3756,4
3757,4
3758,4
3759,4
3760,4
3761,4
3762,4
3763,4
3764,4
3765,4
3766,4
3767,4
3768,4
3769,4
3770,4
3771,4
3772,4
3773,4
3774,4
3775,4
3776,4
3777,4
3778,4
3779,4
3780,4
3781,4
3782,4
3783,4
3784,4
3785,4
3786,4
3787,4
3788,4
3789,4
3790,4
3791,4
3792,4
3793,4
3794,4
3795,4
3796,4
3797,4
3798,4
3799,4
3800,4
3801,4
3802,4
3803,4
3804,4
3805,4
3806,4
3807,4
3808,4
3809,4
3810,4
3811,4
3812,4
3813,4
3814,4
3815,4
3816,4
3817,4
3818,4
3819,4
3820,4
3821,4
3822,4
3823,4
3824,4
3825,4
3826,4
3827,4
3828,4
3829,4
3830,4
3831,4
3832,4
3833,4
3834,4
3835,4
3836,4
3837,4
3838,4
3839,4
3840,4
3841,4
3842,4
3843,4
3844,4
3845,4
3846,4
3847,4
3848,4
3849,4
3850,4
3851,4
3852,4
3853,4
3854,4
3855,4
3856,4
3857,4
3858,4
3859,4
3860,4
3861,4
3862,4
3863,4
3864,4
3865,4
3866,4
3867,4
3868,4
3869,4
3870,4
3871,4
3872,4
3873,4
3874,4
3875,4
3876,4
3877,4
3878,4
3879,4
3880,4
3881,4
3882,4
3883,4
3884,4
3885,4
3886,4
3887,4
3888,4
3889,4
3890,4
3891,4
3892,4
3893,4
3894,4
3895,4
3896,4
3897,4
3898,4
3899,4
3900,4
3901,4
3902,4
3903,4
3904,4
3905,4
3906,4
3907,4
3908,4
3909,4
3910,4
3911,4
3912,4
3913,4
3914,4
3915,4
3916,4
3917,4
3918,4
3919,4
3920,4
3921,4
3922,4
3923,4
3924,4
3925,4
3926,4
3927,4
3928,4
3929,4
3930,4
3931,4
3932,4
3933,4
3934,4
3935,4
3936,4
3937,4
3938,4
3939,4
3940,4
3941,4
3942,4
3943,4
3944,4
3945,4
3946,4
3947,4
3948,4
3949,4
3950,4
3951,4
3952,4
3953,4
3954,4
3955,4
3956,4
3957,4
3958,4
3959,4
3960,4
3961,4
3962,4
3963,4
3964,4
3965,4
3966,4
3967,4
3968,4
3969,4
3970,4
3971,4
3972,4
3973,4
3974,4
3975,4
3976,4
3977,4
3978,4
3979,4
3980,4
3981,4
3982,4
3983,4
3984,4
3985,4
3986,4
3987,4
3988,4
3989,4
3990,4
3991,4
3992,4
3993,4
3994,4
3995,4
3996,4
3997,4
3998,4
3999,4
4000,4
4001,4
4002,4
4003,4
4004,4
4005,4
4006,4
4007,4
4008,4
4009,4
4010,4
4011,4
4012,4
4013,4
4014,4
4015,4
4016,4
4017,4
4018,4
4019,4
4020,4
4021,4
4022,4
4023,4
4024,4
4025,4
4026,4
4027,4
4028,4
4029,4
4030,4
4031,4
4032,4
4033,4
4034,4
4035,4
4036,4
4037,4
4038,4
4039,4
4040,4
4041,4
4042,4
4043,4
4044,4
4045,4
4046,4
4047,4
4048,4
4049,4
4050,4
4051,4
4052,4
4053,4
4054,4
4055,4
4056,4
4057,4
4058,4
4059,4
4060,4
4061,4
4062,4
4063,4
4064,4
4065,4
4066,4
4067,4
4068,4
4069,4
4070,4
4071,4
4072,4
4073,4
4074,4
4075,4
4076,4
4077,4
4078,4
4079,4
4080,4
4081,4
4082,4
4083,4
4084,4
4085,4
4086,4
4087,4
4088,4
4089,4
4090,4
4091,4
4092,4
4093,4
4094,4
4095,4
4096,4
4097,4
4098,4
4099,4
4100,4
4101,4
4102,4
4103,4
4104,4
4105,4
4106,4
4107,4
4108,4
4109,4
4110,4
4111,4
4112,4
4113,4
4114,4
4115,4
4116,4
4117,4
4118,4
4119,4
4120,4
4121,4
4122,4
4123,4
4124,4
4125,4
4126,4
4127,4
4128,4
4129,4
4130,4
4131,4
4132,4
4133,4
4134,4
4135,4
4136,4
4137,4
4138,4
4139,4
4140,4
4141,4
4142,4
4143,4
4144,4
4145,4
4146,4
4147,4
4148,4
4149,4
4150,4
4151,4
4152,4
4153,4
4154,4
4155,4
4156,4
4157,4
4158,4
4159,4
4160,4
4161,4
4162,4
4163,4
4164,4
4165,4
4166,4
4167,4
4168,4
4169,4
4170,4
4171,4
4172,4
4173,4
4174,4
4175,4
4176,4
4177,4
4178,4
4179,4
4180,4
4181,4
4182,4
4183,4
4184,4
4185,4
4186,4
4187,4
4188,4
4189,4
4190,4
4191,4
4192,4
4193,4
4194,4
4195,4
4196,4
4197,4
4198,4
4199,4
4200,4
4201,4
4202,4
4203,4
4204,4
4205,4
4206,4
4207,4
4208,4
4209,4
4210,4
4211,4
4212,4
4213,4
4214,4
4215,4
4216,4
4217,4
4218,4
4219,4
4220,4
4221,4
4222,2
4223,2
4224,2
4225,2
4226,2
4227,2
4228,2
4229,2
4230,2
4231,2
4232,2
4233,2
4234,2
4235,2
4236,2
4237,2
4238,2
4239,2
4240,2
4241,2
4242,2
4243,2
4244,2
4245,2
4246,2
4247,2
4248,2
4249,2
4250,2
4251,2
4252,2
4253,2
4254,2
4255,2
4256,2
4257,2
4258,2
4259,2
4260,2
4261,2
4262,2
4263,2
4264,2
4265,2
4266,2
4267,2
4268,2
4269,2
4270,2
4271,2
4272,2
4273,2
4274,2
4275,2
4276,2
4277,2
4278,2
4279,2
4280,2
4281,2
4282,2
4283,2
4284,2
4285,2
4286,2
4287,2
4288,2
4289,2
4290,2
4291,2
4292,2
4293,2
4294,2
4295,2
4296,2
4297,2
4298,2
4299,2
4300,2
4301,2
4302,2
4303,2
4304,2
4305,2
4306,2
4307,2
4308,2
4309,2
4310,2
4311,2
4312,2
4313,2
4314,2
4315,2
4316,2
4317,2
4318,2
4319,2
4320,2
4321,2
4322,2
4323,2
4324,2
4325,2
4326,2
4327,2
4328,2
4329,2
4330,2
4331,2
4332,2
4333,2
4334,2
4335,2
4336,2
4337,2
4338,2
4339,2
4340,2
4341,2
4342,2
4343,2
4344,2
4345,2
4346,2
4347,2
4348,2
4349,2
4350,2
4351,2
4352,2
4353,2
4354,2
4355,2
4356,2
4357,2
4358,2
4359,2
4360,2
4361,2
4362,2
4363,2
4364,2
4365,2
4366,2
4367,2
4368,2
4369,2
4370,2
4371,2
4372,2
4373,2
4374,2
4375,2
4376,2
4377,2
4378,2
4379,2
4380,2
4381,2
4382,2
4383,2
4384,2
4385,2
4386,2
4387,2
4388,2
4389,2
4390,2
4391,2
4392,2
4393,2
4394,2
4395,2
4396,2
4397,2
4398,2
4399,2
4400,2
4401,2
4402,2
4403,2
4404,2
4405,2
4406,2
4407,2
4408,2
4409,2
4410,2
4411,2
4412,2
4413,2
4414,2
4415,2
4416,2
4417,2
4418,2
4419,2
4420,2
4421,2
4422,2
4423,2
4424,2
4425,2
4426,2
4427,2
4428,2
4429,2
4430,2
4431,2
4432,2
4433,2
4434,2
4435,2
4436,2
4437,2
4438,2
4439,2
4440,2
4441,2
4442,2
4443,2
4444,2
4445,2
4446,2
4447,2
4448,2
4449,2
4450,2
4451,2
4452,2
4453,2
4454,2
4455,2
4456,2
4457,2
4458,2
4459,2
4460,2
4461,2
4462,2
4463,2
4464,2
4465,2
4466,2
4467,2
4468,2
4469,2
4470,2
4471,2
4472,2
4473,2
4474,2
4475,2
4476,2
4477,2
4478,2
4479,2
4480,2
4481,2
4482,2
4483,2
4484,2
4485,2
4486,2
4487,2
4488,2
4489,2
4490,2
4491,2
4492,2
4493,2
4494,2
4495,2
4496,2
4497,2
4498,2
4499,2
4500,2
4501,2
4502,2
4503,2
4504,2
4505,2
4506,2
4507,2
4508,2
4509,2
4510,2
4511,2
4512,2
4513,2
4514,2
4515,2
4516,2
4517,2
4518,2
4519,2
4520,2
4521,2
4522,2
4523,2
4524,2
4525,2
4526,2
4527,2
4528,2
4529,2
4530,2
4531,2
4532,2
4533,2
4534,2
4535,2
4536,2
4537,2
4538,2
4539,2
4540,2
4541,2
4542,2
4543,2
4544,2
4545,2
4546,2
4547,2
4548,2
4549,2
4550,2
4551,2
4552,2
4553,2
4554,2
4555,2
4556,2
4557,2
4558,2
4559,2
4560,2
4561,2
4562,2
4563,2
4564,2
4565,2
4566,2
4567,2
4568,2
4569,2
4570,2
4571,2
4572,2
4573,2
4574,2
4575,2
4576,2
4577,2
4578,2
4579,2
4580,2
4581,2
4582,2
4583,2
4584,2
4585,2
4586,2
4587,2
4588,2
4589,2
4590,2
4591,2
4592,2
4593,2
4594,2
4595,2
4596,2
4597,2
4598,2
4599,2
4600,2
4601,2
4602,2
4603,2
4604,2
4605,2
4606,2
4607,2
4608,2
4609,2
4610,2
4611,2
4612,2
4613,2
4614,2
4615,2
4616,2
4617,2
4618,2
4619,2
4620,2
4621,2
4622,2
4623,2
4624,2
4625,2
4626,2
4627,2
4628,2
4629,2
4630,2
4631,2
4632,2
4633,2
4634,2
4635,2
4636,2
4637,2
4638,2
4639,2
4640,2
4641,2
4642,2
4643,2
4644,2
4645,2
4646,2
4647,2
4648,2
4649,2
4650,2
4651,2
4652,2
4653,2
4654,2
4655,2
4656,2
4657,2
4658,2
4659,2
4660,2
4661,2
4662,2
4663,2
4664,2
4665,2
4666,2
4667,2
4668,2
4669,2
4670,2
4671,2
4672,2
4673,2
4674,2
4675,2
4676,2
4677,2
4678,2
4679,2
4680,2
4681,2
4682,2
4683,2
4684,2
4685,2
4686,2
4687,2
4688,2
4689,2
4690,2
4691,2
4692,2
4693,2
4694,2
4695,2
4696,2
4697,2
4698,2
4699,2
4700,2
4701,2
4702,2
4703,2
4704,2
4705,2
4706,2
4707,2
4708,2
4709,2
4710,2
4711,2
4712,2
4713,2
4714,2
4715,2
4716,2
4717,2
4718,2
4719,2
4720,2
4721,2
4722,2
4723,2
4724,2
4725,2
4726,2
4727,2
4728,9
4729,9
4730,9
4731,9
4732,9
4733,9
4734,9
4735,9
4736,9
4737,9
4738,9
4739,9
4740,9
4741,9
4742,9
4743,9
4744,9
4745,9
4746,9
4747,9
4748,9
4749,9
4750,9
4751,9
4752,9
4753,9
4754,9
4755,9
4756,9
4757,9
4758,9
4759,9
4760,9
4761,9
4762,9
4763,9
4764,9
4765,9
4766,9
4767,9
4768,9
4769,9
4770,9
4771,9
4773,9
4774,9
4775,9
4776,9
4777,9
4778,9
4779,9
4780,9
4781,9
4782,9
4783,9
4784,9
4785,9
4786,9
4787,9
4788,9
4789,9
4790,9
4791,9
4792,9
4793,9
4794,9
4795,9
4796,9
4797,9
4798,9
4799,9
4800,9
4801,9
4802,9
4803,9
4804,9
4805,9
4806,9
4807,9
4808,9
4809,9
4810,9
4811,9
4812,9
4813,9
4814,9
4815,9
4816,9
4817,9
4818,9
4819,9
4820,9
4821,9
4822,9
4823,9
4824,9
4825,9
4826,9
4827,9
4828,9
4829,9
4830,9
4831,9
4832,9
4833,9
4834,9
4835,9
4836,9
4837,9
4838,9
4839,9
4840,9
4841,9
4842,9
4843,9
4844,9
4845,9
4846,9
4847,9
4848,9
4849,9
4850,9
4851,9
4852,9
4853,9
4854,9
4855,9
4856,9
4857,9
4858,9
4859,9
4860,9
4861,9
4862,9
4863,9
4864,9
4865,9
4866,9
4867,9
4868,9
4869,9
4870,9
4871,9
4872,9
4873,9
4874,9
4875,9
4876,9
4877,9
4878,9
4879,9
4880,9
4881,9
4882,9
4883,9
4884,9
4885,9
4886,9
4887,9
4888,9
4889,9
4890,9
4891,9
4892,9
4893,9
4894,9
4895,9
4896,9
4897,9
4898,9
4899,9
4900,9
4901,9
4902,9
4903,9
4904,9
4905,9
4906,9
4907,9
4908,9
4909,9
4910,9
4911,9
4912,9
4913,9
4914,9
4915,9
4916,9
4917,9
4918,9
4919,9
4920,9
4921,9
4922,9
4923,9
4924,9
4925,9
4926,9
4927,9
4928,9
4929,9
4930,9
4931,9
4932,9
4933,9
4934,9
4935,9
4936,9
4937,9
4938,9
4939,9
4940,9
4941,9
4942,9
4943,9
4944,9
4945,9
4946,9
4947,9
4948,9
4949,9
4950,9
4951,9
4952,9
4953,9
4954,9
4955,9
4956,9
4957,9
4958,9
4959,9
4960,9
4961,9
4962,9
4963,9
4964,9
4965,9
4966,9
4967,9
4968,9
4969,9
4970,9
4971,9
4972,9
4973,9
4974,9
4975,9
4976,9
4977,9
4978,9
4979,9
4980,9
4982,9
4983,9
4984,9
4985,9
4986,9
4987,9
4988,9
4989,9
4990,9
4991,9
4992,9
4993,9
4994,9
4995,9
4996,9
4997,9
4998,9
4999,9
5000,9
5001,9
5002,9
5003,9
5004,9
5005,9
5006,9
5007,9
5008,9
5009,9
5010,9
5011,9
5012,9
5013,9
5014,9
5015,9
5016,9
5017,9
5018,9
5019,9
5020,9
5021,9
5022,9
5023,9
5024,9
5025,9
5026,9
5027,9
5028,9
5029,9
5030,9
5031,9
5032,9
5033,9
5034,9
5035,9
5036,9
5037,9
5038,9
5039,9
5040,9
5041,9
5042,9
5043,9
5044,9
5045,9
5046,9
5047,9
5048,9
5049,9
5050,9
5051,9
5052,9
5053,9
5054,9
5055,9
5056,9
5057,9
5058,9
5059,9
5060,9
5061,9
5062,9
5063,9
5064,9
5065,9
5066,9
5067,9
5068,9
5069,9
5070,9
5071,9
5072,9
5073,9
5074,9
5075,9
5076,9
5077,9
5078,9
5079,9
5080,9
5081,9
5082,9
5083,9
5084,9
5085,9
5086,9
5087,9
5088,9
5089,9
5090,9
5091,9
5092,9
5093,9
5094,9
5095,9
5096,9
5098,9
5099,9
5100,9
5101,9
5102,9
5103,9
5104,9
5105,9
5106,9
5107,9
5108,9
5109,9
5110,9
5111,9
5112,9
5113,9
5114,9
5115,9
5116,9
5117,9
5118,9
5119,9
5120,9
5121,9
5122,9
5123,9
5124,9
5125,9
5126,9
5127,9
5128,9
5129,9
5130,9
5131,9
5132,9
5133,9
5134,9
5135,9
5136,9
5137,9
5138,9
5139,9
5140,9
5141,9
5142,9
5143,9
5144,9
5145,9
5146,9
5147,9
5149,9
5150,9
5151,9
5152,9
5153,9
5154,9
5155,9
5156,9
5157,9
5158,9
5159,9
5160,9
5161,9
5162,9
5163,9
5164,9
5165,9
5166,9
5167,9
5169,9
5170,9
5171,9
5172,9
5173,9
5174,9
5175,9
5176,9
5177,9
5178,9
5179,9
5180,12
5181,12
5182,12
5183,12
5184,12
5185,12
5186,12
5187,12
5188,12
5189,12
5190,12
5191,12
5192,12
5193,12
5194,12
5195,12
5196,12
5197,12
5198,12
5199,12
5200,12
5201,12
5202,12
5203,12
5204,12
5205,12
5206,12
5207,12
5208,12
5209,12
5210,12
5211,12
5212,12
5213,12
5214,12
5215,12
5216,12
5217,12
5218,12
5219,12
5220,12
5221,12
5222,12
5223,12
5224,12
5225,12
5226,12
5227,12
5228,12
5229,12
5230,12
5231,12
5232,12
5233,12
5234,12
5235,12
5236,12
5237,12
5238,12
5239,12
5240,12
5241,12
5242,12
5243,12
5244,12
5245,12
5246,12
5247,12
5248,12
5249,12
5250,12
5251,12
5252,12
5253,12
5254,12
5255,12
5256,12
5257,12
5258,12
5259,12
5260,12
5261,12
5262,12
5263,12
5264,12
5265,12
5266,12
5267,12
5268,12
5269,12
5270,12
5271,12
5272,12
5273,12
5274,12
5275,12
5276,12
5277,12
5278,12
5279,12
5280,12
5281,12
5282,12
5283,12
5284,12
5285,12
5286,12
5287,12
5288,12
5289,12
5290,12
5291,12
5292,12
5293,12
5294,12
5295,12
5296,12
5297,12
5298,12
5299,12
5300,12
5301,12
5302,12
5303,12
5304,12
5305,12
5306,12
5307,12
5308,12
5309,12
5310,12
5311,12
5312,12
5313,12
5314,12
5315,12
5316,12
5317,12
5318,12
5319,12
5320,12
5321,12
5322,12
5323,12
5324,12
5325,12
5326,12
5327,12
5328,12
5329,12
5330,12
5331,12
5332,12
5333,12
5334,12
5335,12
5336,12
5337,12
5338,12
5339,12
5340,12
5341,12
5342,12
5343,12
5344,12
5345,12
5346,12
5347,12
5348,12
5349,12
5350,12
5351,12
5352,12
5353,12
5354,12
5355,12
5356,12
5357,12
5358,12
5359,12
5360,12
5361,12
5362,12
5363,12
5364,12
5365,12
5366,12
5367,12
5368,12
5369,12
5370,12
5371,12
5372,12
5373,12
5374,12
5375,12
5376,12
5377,12
5378,12
5379,12
5380,12
5381,12
5382,12
5383,12
5384,12
5385,12
5386,12
5387,12
5388,12
5389,12
5390,12
5391,12
5392,12
5393,12
5394,12
5395,12
5396,12
5397,12
5398,12
5399,12
5400,12
5401,12
5402,12
5403,12
5404,12
5405,12
5406,12
5407,12
5408,12
5409,12
5410,12
5411,12
5412,12
5413,12
5414,12
5415,12
5416,12
5417,12
5418,12
5419,12
5420,12
5421,12
5422,12
5423,12
5424,12
5425,12
5426,12
5427,12
5428,12
5429,12
5430,12
5431,12
5432,12
5433,12
5434,12
5435,12
5436,12
5437,12
5438,12
5439,12
5440,12
5441,12
5442,12
5443,12
5444,12
5445,12
5446,12
5447,12
5448,12
5449,12
5450,12
5451,12
5452,12
5453,12
5454,12
5455,12
5456,12
5457,12
5458,12
5459,12
5460,12
5461,12
5462,12
5463,12
5464,12
5465,12
5466,12
5467,12
5468,12
5469,12
5470,12
5471,12
5472,12
5473,12
5474,12
5475,12
5476,12
5477,12
5478,12
5479,12
5480,12
5481,12
5482,12
5483,12
5484,12
5485,12
5486,12
5487,12
5488,12
5489,12
5490,12
5491,12
5492,12
5493,12
5494,12
5495,12
5496,12
5497,12
5498,12
5499,12
5500,12
5501,12
5502,12
5503,12
5504,12
5505,12
5506,12
5507,12
5508,12
5509,12
5510,12
5511,12
5512,12
5513,12
5514,12
5515,12
5516,12
5517,12
5518,12
5519,12
5520,12
5521,12
5522,12
5523,12
5524,12
5525,12
5526,12
5527,12
5528,12
5529,12
5530,12
5531,12
5532,12
5533,12
5534,12
5535,12
5536,12
5537,12
5538,12
5539,12
5540,12
5541,12
5542,12
5543,12
5544,12
5545,12
5546,12
5547,12
5548,12
5549,12
5550,12
5551,12
5552,12
5553,12
5554,12
5555,12
5556,12
5557,12
5558,12
5559,12
5560,12
5561,12
5562,12
5563,12
5564,12
5565,12
5566,12
5567,12
5568,12
5569,12
5570,12
5571,12
5572,12
5573,12
5574,12
5575,12
5576,12
5577,12
5578,12
5579,12
5580,12
5581,12
5582,12
5583,12
5584,12
5585,12
5586,12
5587,12
5588,12
5589,12
5590,12
5591,12
5592,12
5593,12
5594,12
5595,12
5596,12
5597,12
5598,12
5599,12
5600,12
5601,12
5602,12
5603,12
5604,12
5605,12
5606,12
5607,12
5608,12
5609,12
5610,12
5611,12
5612,12
5613,12
5614,12
5615,12
5616,12
5617,12
5618,12
5619,12
5620,12
5621,12
5622,12
5623,12
5624,12
5625,12
5626,12
5627,12
5628,12
5629,12
5630,12
5631,12
5632,12
5633,12
5634,12
5635,12
5636,12
5637,12
5638,12
5639,12
5640,12
5641,12
5642,12
5643,12
5644,12
5645,12
5646,12
5647,12
5648,12
5649,12
5650,12
5651,12
5652,12
5653,12
5654,12
5655,12
5656,12
5657,12
5658,12
5659,12
5660,12
5661,12
5662,12
5663,12
5664,12
5665,12
5666,12
5667,12
5668,12
5669,12
5670,12
5671,12
5672,12
5673,12
5674,12
5675,12
5676,12
5677,12
5678,12
5679,12
5680,12
5681,12
5682,12
5683,12
5684,12
5685,12
5686,12
5687,12
5688,6
5689,6
5690,6
5691,6
5692,6
5693,6
5694,6
5695,6
5696,6
5697,6
5698,6
5699,6
5700,6
5701,6
5702,6
5703,6
5704,6
5705,6
5706,6
5707,6
5708,6
5709,6
5710,6
5711,6
5712,6
5713,6
5714,6
5715,6
5716,6
5717,6
5718,6
5719,6
5720,6
5721,6
5722,6
5723,6
5724,6
5725,6
5726,6
5727,6
5728,6
5729,6
5730,6
5731,6
5732,6
5733,6
5734,6
5735,6
5736,6
5737,6
5738,6
5739,6
5740,6
5741,6
5742,6
5743,6
5744,6
5745,6
5746,6
5747,6
5748,6
5749,6
5750,6
5751,6
5752,6
5753,6
5754,6
5755,6
5756,6
5757,6
5758,6
5759,6
5760,6
5761,6
5762,6
5763,6
5764,6
5765,6
5766,6
5767,6
5768,6
5769,6
5770,6
5771,6
5772,6
5773,6
5774,6
5775,6
5776,6
5777,6
5778,6
5779,6
5780,6
5781,6
5782,6
5783,6
5784,6
5785,6
5786,6
5787,6
5788,6
5789,6
5790,6
5791,6
5792,6
5793,6
5794,6
5795,6
5796,6
5797,6
5798,6
5799,6
5800,6
5801,6
5802,6
5803,6
5804,6
5805,6
5806,6
5807,6
5808,6
5809,6
5810,6
5811,6
5812,6
5813,6
5814,6
5815,6
5816,6
5817,6
5818,6
5819,6
5820,6
5821,6
5822,6
5823,6
5824,6
5825,6
5826,6
5827,6
5828,6
5829,6
5830,6
5831,6
5832,6
5833,6
5834,6
5835,6
5836,6
5837,6
5838,6
5839,6
5840,6
5841,6
5842,6
5843,6
5844,6
5845,6
5846,6
5847,6
5848,6
5850,6
5851,6
5852,6
5853,6
5854,6
5855,6
5856,6
5857,6
5858,6
5859,6
5860,6
5861,6
5862,6
5863,6
5864,6
5865,6
5866,6
5867,6
5868,6
5869,6
5870,6
5871,6
5872,6
5873,6
5874,6
5875,6
5876,6
5877,6
5878,6
5879,6
5880,6
5881,6
5882,6
5883,6
5884,6
5885,6
5886,6
5887,6
5888,6
5889,6
5890,6
5891,6
5892,6
5893,6
5894,6
5895,6
5896,6
5897,6
5898,6
5899,6
5900,6
5901,6
5902,6
5903,6
5904,6
5905,6
5906,6
5907,6
5908,6
5909,6
5910,6
5911,6
5912,6
5913,6
5914,6
5915,6
5916,6
5917,6
5918,6
5919,6
5920,6
5921,6
5922,6
5923,6
5924,6
5925,6
5926,6
5927,6
5928,6
5929,6
5930,6
5931,6
5932,6
5933,6
5934,6
5935,6
5936,6
5937,6
5938,6
5939,6
5940,6
5941,6
5942,6
5943,6
5944,6
5945,6
5946,6
5947,6
5948,6
5949,6
5950,6
5951,6
5952,6
5953,6
5954,6
5955,6
5956,6
5957,6
5958,6
5959,6
5960,6
5961,6
5962,6
5963,6
5964,6
5965,6
5966,6
5967,6
5968,6
5969,6
5970,6
5971,6
5972,6
5973,6
5974,6
5975,6
5976,6
5977,6
5978,6
5979,6
5980,6
5981,6
5982,6
5983,6
5984,6
5985,6
5986,6
5987,6
5988,6
5989,6
5990,6
5991,6
5992,6
5993,6
5994,6
5995,6
5996,6
5997,6
5998,6
5999,6
6000,6
6001,6
6002,6
6003,6
6004,6
6006,6
6007,6
6008,6
6009,6
6010,6
6011,6
6012,6
6013,6
6014,6
6015,6
6016,6
6017,6
6018,6
6019,6
6020,6
6021,6
6022,6
6023,6
6024,6
6025,6
6026,6
6027,6
6028,6
6029,6
6030,6
6031,6
6032,6
6033,6
6034,6
6035,6
6036,6
6037,6
6038,6
6039,6
6040,6
6041,6
6042,6
6043,6
6044,6
6045,6
6046,6
6047,6
6048,6
6049,6
6050,6
6051,6
6052,6
6053,6
6054,6
6055,6
6056,6
6057,6
6058,6
6059,6
6060,6
6061,6
6062,6
6063,6
6064,6
6065,6
6066,6
6067,6
6068,6
6069,6
6070,6
6071,6
6072,6
6073,6
6074,6
6075,6
6076,6
6077,6
6078,6
6079,6
6080,6
6081,6
6082,6
6083,6
6084,6
6085,6
6086,6
6087,6
6088,6
6089,6
6090,6
6091,6
6092,6
6093,6
6094,6
6095,6
6096,6
6097,6
6098,6
6099,6
6100,6
6101,6
6102,6
6103,6
6104,6
6105,6
6106,6
6107,6
6108,6
6109,6
6110,6
6111,6
6112,6
6113,6
6114,6
6115,6
6116,6
6117,6
6118,6
6119,6
6120,6
6121,6
6122,6
6123,6
6124,6
6125,6
6126,6
6127,6
6128,6
6129,6
6130,6
6131,6
6132,6
6134,6
6135,6
6136,6
6137,6
6138,6
6139,6
6140,6
6141,6
6142,6
6143,6
6144,6
6145,6
6146,6
6147,6
6148,6
6149,6
6150,6
6151,6
6152,6
6153,6
6154,6
6155,6
6156,6
6157,6
6158,6
6159,6
6160,6
6161,6
6162,6
6163,6
6164,6
6165,6
6166,6
6167,6
6168,6
6169,6
6170,6
6171,6
6172,6
6173,6
6174,6
6175,6
6176,6
6177,6
6178,6
6179,6
6180,6
6181,6
6182,6
6183,6
6184,6
6185,6
6186,6
6187,8
6188,8
6189,8
6190,8
6191,8
6192,8
6193,8
6194,8
6195,8
6196,8
6197,8
6198,8
6199,8
6200,8
6201,8
6202,8
6203,8
6204,8
6205,8
6206,8
6207,8
6208,8
6209,8
6210,8
6211,8
6212,8
6213,8
6214,8
6215,8
6216,8
6217,8
6218,8
6219,8
6220,8
6221,8
6222,8
6223,8
6224,8
6225,8
6226,8
6227,8
6228,8
6229,8
6230,8
6231,8
6232,8
6233,8
6234,8
6235,8
6236,8
6237,8
6238,8
6239,8
6240,8
6241,8
6242,8
6243,8
6244,8
6245,8
6246,8
6247,8
6248,8
6249,8
6250,8
6251,8
6252,8
6253,8
6254,8
6255,8
6256,8
6257,8
6258,8
6259,8
6260,8
6261,8
6262,8
6263,8
6264,8
6265,8
6266,8
6267,8
6268,8
6269,8
6270,8
6271,8
6272,8
6273,8
6274,8
6275,8
6276,8
6277,8
6278,8
6279,8
6280,8
6281,8
6282,8
6283,8
6284,8
6285,8
6286,8
6287,8
6288,8
6289,8
6290,8
6291,8
6292,8
6293,8
6294,8
6295,8
6296,8
6297,8
6298,8
6299,8
6300,8
6301,8
6302,8
6303,8
6304,8
6305,8
6306,8
6307,8
6308,8
6309,8
6310,8
6311,8
6312,8
6313,8
6314,8
6315,8
6316,8
6317,8
6318,8
6319,8
6320,8
6321,8
6322,8
6323,8
6324,8
6325,8
6326,8
6327,8
6328,8
6329,8
6330,8
6331,8
6332,8
6333,8
6334,8
6335,8
6336,8
6337,8
6338,8
6339,8
6340,8
6341,8
6342,8
6343,8
6344,8
6345,8
6346,8
6347,8
6348,8
6349,8
6350,8
6351,8
6352,8
6353,8
6354,8
6355,8
6356,8
6357,8
6358,8
6359,8
6360,8
6361,8
6362,8
6363,8
6364,8
6365,8
6366,8
6367,8
6368,8
6369,8
6370,8
6371,8
6372,8
6373,8
6374,8
6375,8
6376,8
6377,8
6378,8
6379,8
6380,8
6381,8
6382,8
6383,8
6384,8
6385,8
6386,8
6387,8
6388,8
6389,8
6390,8
6391,8
6392,8
6393,8
6394,8
6395,8
6396,8
6397,8
6398,8
6399,8
6400,8
6401,8
6402,8
6403,8
6404,8
6405,8
6406,8
6407,8
6408,8
6409,8
6410,8
6411,8
6412,8
6413,8
6414,8
6415,8
6416,8
6417,8
6418,8
6419,8
6420,8
6421,8
6422,8
6423,8
6424,8
6425,8
6426,8
6427,8
6428,8
6429,8
6430,8
6431,8
6432,8
6433,8
6434,8
6435,8
6436,8
6437,8
6438,8
6439,8
6440,8
6441,8
6442,8
6443,8
6444,8
6445,8
6446,8
6447,8
6448,8
6449,8
6450,8
6451,8
6452,8
6453,8
6454,8
6455,8
6456,8
6457,8
6458,8
6459,8
6460,8
6461,8
6462,8
6463,8
6464,8
6465,8
6466,8
6467,8
6468,8
6469,8
6470,8
6471,8
6472,8
6473,8
6474,8
6475,8
6476,8
6477,8
6478,8
6479,8
6480,8
6481,8
6482,8
6483,8
6484,8
6485,8
6486,8
6487,8
6488,8
6489,8
6490,8
6491,8
6492,8
6493,8
6494,8
6495,8
6496,8
6497,8
6498,8
6499,8
6500,8
6501,8
6502,8
6503,8
6504,8
6505,8
6506,8
6507,8
6508,8
6509,8
6510,8
6511,8
6512,8
6513,8
6514,8
6515,8
6516,8
6517,8
6518,8
6519,8
6520,8
6521,8
6522,8
6523,8
6524,8
6525,8
6526,8
6527,8
6528,8
6529,8
6530,8
6531,8
6532,8
6533,8
6534,8
6535,8
6536,8
6537,8
6538,8
6539,8
6540,8
6541,8
6542,8
6543,8
6544,8
6545,8
6546,8
6547,8
6548,8
6549,8
6550,8
6551,8
6552,8
6553,8
6554,8
6555,8
6556,8
6557,8
6558,8
6559,8
6560,8
6561,8
6562,8
6563,8
6564,8
6565,8
6566,8
6567,8
6568,8
6569,8
6570,8
6571,8
6572,8
6573,8
6574,8
6575,8
6576,8
6577,8
6578,8
6579,8
6580,8
6581,8
6582,8
6583,8
6584,8
6585,8
6586,8
6587,8
6588,8
6589,8
6590,8
6591,8
6592,8
6593,8
6594,8
6595,8
6596,8
6597,8
6598,8
6599,8
6600,8
6601,8
6602,8
6603,8
6604,8
6605,8
6606,8
6607,8
6608,8
6609,8
6610,8
6611,8
6612,8
6613,8
6614,8
6615,8
6616,8
6617,8
6618,8
6619,8
6620,8
6621,8
6622,8
6623,8
6624,8
6625,8
6626,8
6627,8
6628,8
6629,8
6630,8
6631,8
6632,8
6633,8
6634,8
6635,8
6636,8
6637,8
6638,8
6639,8
6640,8
6641,8
6642,8
6643,8
6644,8
6645,8
6646,8
6647,8
6648,8
6649,8
6650,8
6651,8
6652,8
6653,8
6654,8
6655,8
6656,8
6657,8
6658,8
6659,8
6660,8
6661,8
6662,8
6663,8
6664,8
6665,8
6666,8
6667,8
6668,8
6669,8
6670,8
6671,8
6672,8
6673,8
6674,8
6675,8
6676,8
6677,8
6678,8
6679,8
6680,8
6681,8
6682,8
6683,8
6684,8
6685,8
6686,8
6687,8
6688,8
6689,13
6690,13
6691,13
6692,13
6693,13
6694,13
6695,13
6696,13
6697,13
6698,13
6699,13
6700,13
6701,13
6702,13
6703,13
6704,13
6705,13
6706,13
6707,13
6708,13
6709,13
6710,13
6711,13
6712,13
6713,13
6714,13
6715,13
6716,13
6717,13
6718,13
6719,13
6720,13
6721,13
6722,13
6723,13
6724,13
6725,13
6726,13
6727,13
6728,13
6729,13
6730,13
6731,13
6732,13
6733,13
6734,13
6735,13
6736,13
6737,13
6738,13
6739,13
6740,13
6741,13
6742,13
6743,13
6744,13
6745,13
6746,13
6747,13
6748,13
6749,13
6750,13
6751,13
6752,13
6753,13
6754,13
6755,13
6756,13
6757,13
6758,13
6759,13
6760,13
6761,13
6762,13
6763,13
6764,13
6765,13
6766,13
6767,13
6768,13
6769,13
6770,13
6771,13
6772,13
6773,13
6774,13
6775,13
6776,13
6777,13
6778,13
6779,13
6780,13
6781,13
6782,13
6783,13
6784,13
6785,13
6786,13
6787,13
6788,13
6789,13
6790,13
6791,13
6792,13
6793,13
6794,13
6795,13
6796,13
6797,13
6798,13
6799,13
6800,13
6801,13
6802,13
6803,13
6804,13
6805,13
6806,13
6807,13
6808,13
6809,13
6810,13
6811,13
6812,13
6813,13
6814,13
6815,13
6816,13
6817,13
6818,13
6819,13
6820,13
6821,13
6822,13
6823,13
6824,13
6825,13
6826,13
6827,13
6828,13
6829,13
6830,13
6831,13
6832,13
6833,13
6834,13
6835,13
6836,13
6837,13
6838,13
6839,13
6840,13
6841,13
6842,13
6843,13
6844,13
6845,13
6846,13
6847,13
6848,13
6849,13
6850,13
6851,13
6852,13
6853,13
6854,13
6855,13
6856,13
6857,13
6858,13
6859,13
6860,13
6861,13
6862,13
6863,13
6864,13
6865,13
6866,13
6867,13
6868,13
6869,13
6870,13
6871,13
6872,13
6873,13
6874,13
6875,13
6876,13
6877,13
6878,13
6879,13
6880,13
6881,13
6882,13
6883,13
6884,13
6885,13
6886,13
6887,13
6888,13
6889,13
6890,13
6891,13
6892,13
6893,13
6894,13
6895,13
6896,13
6897,13
6898,13
6899,13
6900,13
6901,13
6902,13
6903,13
6904,13
6905,13
6906,13
6907,13
6908,13
6909,13
6910,13
6911,13
6912,13
6913,13
6914,13
6915,13
6916,13
6917,13
6918,13
6919,13
6920,13
6921,13
6922,13
6923,13
6924,13
6925,13
6926,13
6927,13
6928,13
6929,13
6930,13
6931,13
6932,13
6933,13
6934,13
6935,13
6936,13
6937,13
6938,13
6939,13
6940,13
6941,13
6942,13
6943,13
6944,13
6945,13
6946,13
6947,13
6948,13
6949,13
6950,13
6951,13
6952,13
6953,13
6954,13
6955,13
6956,13
6957,13
6958,13
6959,13
6960,13
6961,13
6962,13
6963,13
6964,13
6965,13
6966,13
6967,13
6968,13
6969,13
6970,13
6971,13
6972,13
6973,13
6974,13
6975,13
6976,13
6977,13
6978,13
6979,13
6980,13
6981,13
6982,13
6983,13
6984,13
6985,13
6986,13
6987,13
6988,13
6989,13
6990,13
6991,13
6992,13
6993,13
6994,13
6995,13
6996,13
6997,13
6998,13
6999,13
7000,13
7001,13
7002,13
7003,13
7004,13
7005,13
7006,13
7007,13
7008,13
7009,13
7010,13
7011,13
7012,13
7013,13
7014,13
7015,13
7016,13
7017,13
7018,13
7019,13
7020,13
7021,13
7022,13
7023,13
7024,13
7025,13
7026,13
7027,13
7028,13
7029,13
7030,13
7031,13
7032,13
7033,13
7034,13
7035,13
7036,13
7037,13
7038,13
7039,13
7040,13
7041,13
7042,13
7043,13
7044,13
7045,13
7046,13
7047,13
7048,13
7049,13
7050,13
7051,13
7052,13
7053,13
7054,13
7055,13
7056,13
7057,13
7058,13
7059,13
7060,13
7061,13
7062,13
7063,13
7064,13
7065,13
7066,13
7067,13
7068,13
7069,13
7070,13
7071,13
7072,13
7073,13
7074,13
7075,13
7076,13
7077,13
7078,13
7079,13
7080,13
7081,13
7082,13
7083,13
7084,13
7085,13
7086,13
7087,13
7088,13
7089,13
7090,13
7091,13
7092,13
7093,13
7094,13
7095,13
7096,13
7097,13
7098,13
7099,13
7100,13
7101,13
7102,13
7103,13
7104,13
7105,13
7106,13
7107,13
7108,13
7109,13
7110,13
7111,13
7112,13
7113,13
7114,13
7115,13
7116,13
7117,13
7118,13
7119,13
7120,13
7121,13
7122,13
7123,13
7124,13
7125,13
7126,13
7127,13
7128,13
7129,13
7130,13
7131,13
7132,13
7133,13
7134,13
7135,13
7136,13
7137,13
7138,13
7139,13
7140,13
7141,13
7142,13
7143,13
7144,13
7145,13
7146,13
7147,13
7148,13
7149,13
7150,13
7151,13
7152,13
7153,13
7154,13
7155,13
7156,13
7157,13
7158,13
7159,13
7160,13
7161,13
7162,13
7163,13
7164,13
7165,13
7166,13
7167,13
7168,13
7169,13
7170,13
7171,13
7172,13
7173,13
7174,13
7175,13
7176,13
7177,13
7178,13
7179,13
7180,13
7181,13
7182,13
7183,13
7184,13
7185,13
7186,13
7187,13
7188,13
7189,13
7190,13
7191,13
7192,13
7193,13
7194,13
7195,13
7196,13
7197,13
7198,13
7199,13
7200,13
7201,13
7202,13
7203,13
7204,13
7205,13
7206,13
7207,13
7208,1
7209,1
7210,1
7211,1
7212,1
7213,1
7214,1
7215,1
7216,1
7217,1
7218,1
7219,1
7220,1
7221,1
7222,1
7223,1
7224,1
7225,1
7226,1
7227,1
7228,1
7229,1
7230,1
7231,1
7232,1
7233,1
7234,1
7235,1
7236,1
7237,1
7238,1
7239,1
7240,1
7241,1
7242,1
7243,1
7244,1
7245,1
7246,1
7247,1
7248,1
7249,1
7250,1
7251,1
7252,1
7253,1
7254,1
7255,1
7256,1
7257,1
7258,1
7259,1
7260,1
7261,1
7262,1
7263,1
7264,1
7265,1
7266,1
7267,1
7268,1
7269,1
7270,1
7271,1
7272,1
7273,1
7274,1
7275,1
7276,1
7277,1
7278,1
7279,1
7280,1
7281,1
7282,1
7283,1
7284,1
7285,1
7286,1
7287,1
7288,1
7289,1
7290,1
7291,1
7292,1
7293,1
7294,1
7295,1
7296,1
7297,1
7298,1
7299,1
7300,1
7301,1
7302,1
7303,1
7304,1
7305,1
7306,1
7307,1
7308,1
7309,1
7310,1
7311,1
7312,1
7313,1
7314,1
7315,1
7316,1
7317,1
7318,1
7319,1
7320,1
7321,1
7322,1
7323,1
7324,1
7325,1
7326,1
7327,1
7328,1
7329,1
7330,1
7331,1
7332,1
7333,1
7334,1
7335,1
7336,1
7337,1
7338,1
7339,1
7340,1
7341,1
7342,1
7343,1
7344,1
7345,1
7346,1
7347,1
7348,1
7349,1
7350,1
7351,1
7352,1
7353,1
7354,1
7355,1
7356,1
7357,1
7358,1
7359,1
7360,1
7361,1
7362,1
7363,1
7364,1
7365,1
7366,1
7367,1
7368,1
7369,1
7370,1
7371,1
7372,1
7373,1
7374,1
7375,1
7376,1
7377,1
7378,1
7379,1
7380,1
7381,1
7382,1
7383,1
7384,1
7385,1
7386,1
7387,1
7389,1
7391,1
7392,1
7393,1
7394,1
7395,1
7396,1
7397,1
7398,1
7399,1
7400,1
7401,1
7402,1
7403,1
7404,1
7405,1
7406,1
7407,1
7408,1
7409,1
7410,1
7411,1
7412,1
7413,1
7414,1
7415,1
7416,1
7417,1
7418,1
7419,1
7420,1
7421,1
7422,1
7423,1
7424,1
7425,1
7426,1
7427,1
7428,1
7429,1
7430,1
7431,1
7432,1
7433,1
7434,1
7435,1
7436,1
7437,1
7438,1
7439,1
7440,1
7441,1
7442,1
7443,1
7444,1
7445,1
7446,1
7447,1
7448,1
7449,1
7450,1
7451,1
7452,1
7453,1
7454,1
7455,1
7456,1
7457,1
7458,1
7459,1
7460,1
7461,1
7462,1
7463,1
7464,1
7465,1
7466,1
7467,1
7468,1
7469,1
7470,1
7471,1
7472,1
7473,1
7474,1
7475,1
7476,1
7477,1
7478,1
7479,1
7480,1
7481,1
7482,1
7483,1
7484,1
7485,1
7486,1
7487,1
7488,1
7489,1
7490,1
7491,1
7492,1
7493,1
7494,1
7495,1
7496,1
7497,1
7498,1
7499,1
7500,1
7501,1
7502,1
7503,1
7504,1
7505,1
7506,1
7507,1
7508,1
7509,1
7510,1
7511,1
7512,1
7513,1
7514,1
7515,1
7516,1
7517,1
7518,1
7520,1
7521,1
7522,1
7523,1
7524,1
7525,1
7526,1
7527,1
7528,1
7529,1
7530,1
7531,1
7532,1
7533,1
7534,1
7535,1
7536,1
7537,1
7538,1
7539,1
7540,1
7541,1
7542,1
7543,1
7544,1
7545,1
7546,1
7547,1
7548,1
7549,1
7550,1
7551,1
7552,1
7553,1
7554,1
7555,1
7556,1
7557,1
7558,1
7559,1
7560,1
7561,1
7562,1
7563,1
7564,1
7565,1
7566,1
7567,1
7568,1
7569,1
7570,1
7571,1
7572,1
7573,1
7574,1
7575,1
7576,1
7577,1
7578,1
7579,1
7580,1
7581,1
7582,1
7583,1
7584,1
7585,1
7586,1
7587,1
7588,1
7589,1
7590,1
7591,1
7592,1
7594,1
7595,1
7596,1
7597,1
7598,1
7599,1
7600,1
7601,1
7602,1
7603,1
7604,1
7605,1
7606,1
7607,1
7608,1
7609,1
7610,1
7611,1
7612,1
7613,1
7614,1
7615,1
7616,1
7618,1
7619,1
7620,1
7621,1
7622,1
7623,1
7624,1
7625,1
7626,1
7627,1
7628,1
7629,1
7630,1
7631,1
7632,1
7633,1
7634,1
7635,1
7636,1
7637,1
7638,1
7639,1
7640,1
7641,1
7642,1
7643,1
7644,1
7645,1
7646,1
7647,1
7648,1
7649,1
7650,1
7651,1
7652,1
7653,1
7654,1
7655,1
7656,1
7658,1
7659,1
7660,1
7661,1
7662,1
7663,1
7664,1
7665,1
7666,1
7667,1
7668,1
7669,1
7670,1
7671,1
7672,1
7673,1
7674,1
7675,1
7676,1
7677,1
7678,1
7679,1
7680,1
7681,1
7682,1
7683,1
7684,1
7685,1
7686,1
7687,1
7688,1
7689,1
7690,1
7691,1
7692,1
7693,1
7694,1
7695,1
7696,1
7697,1
7698,1
7699,1
7700,1
7701,1
7702,1
7703,1
7704,1
7705,1
7706,1
7707,1
7708,14
7709,14
7710,14
7711,14
7712,14
7713,14
7714,14
7715,14
7716,14
7717,14
7718,14
7719,14
7720,14
7721,14
7722,14
7723,14
7724,14
7725,14
7726,14
7727,14
7728,14
7729,14
7730,14
7731,14
7732,14
7733,14
7734,14
7735,14
7736,14
7737,14
7738,14
7739,14
7740,14
7741,14
7742,14
7743,14
7744,14
7745,14
7746,14
7747,14
7748,14
7749,14
7750,14
7751,14
7752,14
7753,14
7754,14
7755,14
7756,14
7757,14
7758,14
7759,14
7760,14
7761,14
7762,14
7763,14
7764,14
7765,14
7766,14
7767,14
7768,14
7769,14
7770,14
7771,14
7772,14
7773,14
7774,14
7775,14
7776,14
7777,14
7778,14
7779,14
7780,14
7781,14
7782,14
7783,14
7784,14
7785,14
7786,14
7787,14
7788,14
7789,14
7790,14
7791,14
7792,14
7793,14
7794,14
7795,14
7796,14
7797,14
7798,14
7799,14
7800,14
7801,14
7802,14
7803,14
7804,14
7805,14
7806,14
7807,14
7808,14
7809,14
7810,14
7811,14
7812,14
7813,14
7814,14
7815,14
7816,14
7817,14
7818,14
7819,14
7820,14
7821,14
7822,14
7823,14
7824,14
7825,14
7826,14
7827,14
7828,14
7829,14
7830,14
7831,14
7832,14
7833,14
7834,14
7835,14
7836,14
7837,14
7838,14
7839,14
7840,14
7841,14
7842,14
7843,14
7844,14
7845,14
7846,14
7847,14
7848,14
7849,14
7850,14
7851,14
7852,14
7853,14
7854,14
7855,14
7856,14
7857,14
7858,14
7859,14
7860,14
7861,14
7862,14
7863,14
7864,14
7865,14
7866,14
7867,14
7868,14
7869,14
7870,14
7871,14
7872,14
7873,14
7874,14
7875,14
7876,14
7877,14
7878,14
7879,14
7880,14
7881,14
7882,14
7883,14
7884,14
7885,14
7886,14
7887,14
7888,14
7889,14
7890,14
7891,14
7892,14
7893,14
7894,14
7895,14
7896,14
7897,14
7898,14
7899,14
7900,14
7901,14
7902,14
7903,14
7904,14
7905,14
7906,14
7907,14
7908,14
7909,14
7910,14
7911,14
7912,14
7913,14
7914,14
7915,14
7916,14
7917,14
7918,14
7919,14
7920,14
7921,14
7922,14
7923,14
7924,14
7925,14
7926,14
7927,14
7928,14
7929,14
7930,14
7931,14
7932,14
7933,14
7934,14
7935,14
7936,14
7937,14
7938,14
7939,14
7940,14
7941,14
7942,14
7943,14
7944,14
7945,14
7946,14
7947,14
7948,14
7949,14
7950,14
7951,14
7952,14
7953,14
7954,14
7955,14
7956,14
7957,14
7958,14
7959,14
7960,14
7961,14
7962,14
7963,14
7964,14
7965,14
7966,14
7967,14
7968,14
7969,14
7970,14
7971,14
7972,14
7973,14
7974,14
7975,14
7976,14
7977,14
7978,14
7979,14
7980,14
7981,14
7982,14
7983,14
7984,14
7985,14
7986,14
7987,14
7988,14
7989,14
7990,14
7991,14
7992,14
7993,14
7994,14
7995,14
7996,14
7997,14
7998,14
7999,14
8000,14
8001,14
8002,14
8003,14
8004,14
8005,14
8006,14
8007,14
8008,14
8009,14
8010,14
8011,14
8012,14
8013,14
8014,14
8015,14
8016,14
8017,14
8018,14
8019,14
8020,14
8021,14
8022,14
8023,14
8024,14
8025,14
8026,14
8027,14
8028,14
8029,14
8030,14
8031,14
8032,14
8033,14
8034,14
8035,14
8036,14
8037,14
8038,14
8039,14
8040,14
8041,14
8042,14
8043,14
8044,14
8045,14
8046,14
8047,14
8048,14
8049,14
8050,14
8051,14
8052,14
8053,14
8054,14
8055,14
8056,14
8057,14
8058,14
8059,14
8060,14
8061,14
8062,14
8063,14
8064,14
8065,14
8066,14
8067,14
8068,14
8069,14
8070,14
8071,14
8072,14
8073,14
8074,14
8075,14
8076,14
8077,14
8078,14
8079,14
8080,14
8081,14
8082,14
8083,14
8084,14
8085,14
8086,14
8087,14
8088,14
8089,14
8090,14
8091,14
8092,14
8093,14
8094,14
8095,14
8096,14
8097,14
8098,14
8099,14
8100,14
8101,14
8102,14
8103,14
8104,14
8105,14
8106,14
8107,14
8108,14
8109,14
8110,14
8111,14
8112,14
8113,14
8114,14
8115,14
8116,14
8117,14
8118,14
8119,14
8120,14
8121,14
8122,14
8123,14
8124,14
8125,14
8126,14
8127,14
8128,14
8130,14
8131,14
8132,14
8133,14
8134,14
8135,14
8136,14
8137,14
8138,14
8139,14
8140,14
8141,14
8142,14
8143,14
8144,14
8145,14
8146,14
8147,14
8148,14
8149,14
8150,14
8151,14
8152,14
8153,14
8154,14
8155,14
8156,14
8157,14
8158,14
8159,14
8160,14
8161,14
8162,14
8163,14
8164,14
8165,14
8166,14
8167,14
8168,14
8169,14
8170,14
8171,14
8172,14
8173,14
8174,14
8175,14
8176,14
8177,14
8178,14
8179,14
8180,14
8181,14
8182,14
8183,14
8184,14
8185,14
8186,14
8187,14
8188,14
8189,14
8190,14
8191,14
8192,14
8193,14
8194,14
8195,14
8196,14
8197,14
8198,14
8199,14
8200,14
8201,14
8202,14
8203,14
8204,14
8205,14
8206,14
8207,14
8208,14
8209,14
8210,14
8211,14
8212,14
8213,14
8214,14
8215,14
8216,14
8217,14
8218,14
8219,14
8220,14
8221,14
8222,14
8223,14
8224,14
8225,14
8226,14
8227,14
8228,14
8229,14
8230,14
8231,14
8232,14
8233,11
8234,11
8235,11
8236,11
8237,11
8238,11
8239,11
8240,11
8241,11
8242,11
8243,11
8244,11
8245,11
8246,11
8247,11
8248,11
8249,11
8250,11
8251,11
8252,11
8253,11
8254,11
8255,11
8256,11
8257,11
8258,11
8259,11
8260,11
8261,11
8262,11
8263,11
8264,11
8265,11
8266,11
8267,11
8268,11
8269,11
8270,11
8271,11
8272,11
8273,11
8274,11
8275,11
8276,11
8277,11
8278,11
8279,11
8280,11
8281,11
8282,11
8283,11
8284,11
8285,11
8286,11
8287,11
8288,11
8289,11
8290,11
8291,11
8292,11
8293,11
8294,11
8295,11
8296,11
8297,11
8298,11
8299,11
8300,11
8301,11
8302,11
8303,11
8304,11
8305,11
8306,11
8307,11
8308,11
8309,11
8310,11
8311,11
8312,11
8313,11
8314,11
8315,11
8316,11
8317,11
8318,11
8319,11
8320,11
8321,11
8322,11
8323,11
8324,11
8325,11
8326,11
8327,11
8328,11
8329,11
8330,11
8331,11
8332,11
8333,11
8334,11
8335,11
8336,11
8337,11
8338,11
8339,11
8340,11
8341,11
8342,11
8343,11
8344,11
8345,11
8346,11
8347,11
8348,11
8349,11
8350,11
8351,11
8352,11
8353,11
8354,11
8355,11
8356,11
8357,11
8358,11
8359,11
8360,11
8361,11
8362,11
8363,11
8364,11
8365,11
8366,11
8367,11
8368,11
8369,11
8370,11
8371,11
8372,11
8373,11
8374,11
8375,11
8376,11
8377,11
8378,11
8379,11
8380,11
8381,11
8382,11
8383,11
8384,11
8385,11
8386,11
8387,11
8388,11
8389,11
8390,11
8391,11
8392,11
8393,11
8394,11
8395,11
8396,11
8397,11
8398,11
8399,11
8400,11
8401,11
8402,11
8403,11
8404,11
8405,11
8406,11
8407,11
8408,11
8409,11
8410,11
8411,11
8412,11
8413,11
8414,11
8415,11
8416,11
8417,11
8418,11
8419,11
8420,11
8421,11
8422,11
8423,11
8424,11
8425,11
8426,11
8427,11
8428,11
8429,11
8430,11
8431,11
8432,11
8433,11
8434,11
8435,11
8436,11
8437,11
8438,11
8439,11
8440,11
8441,11
8442,11
8443,11
8444,11
8445,11
8446,11
8447,11
8448,11
8449,11
8450,11
8451,11
8452,11
8453,11
8454,11
8455,11
8456,11
8457,11
8458,11
8459,11
8460,11
8461,11
8462,11
8463,11
8464,11
8465,11
8466,11
8467,11
8468,11
8469,11
8470,11
8471,11
8472,11
8473,11
8474,11
8475,11
8476,11
8477,11
8478,11
8479,11
8480,11
8481,11
8482,11
8483,11
8484,11
8485,11
8486,11
8487,11
8488,11
8489,11
8490,11
8491,11
8492,11
8493,11
8494,11
8495,11
8496,11
8497,11
8498,11
8499,11
8500,11
8501,11
8502,11
8503,11
8504,11
8505,11
8506,11
8507,11
8508,11
8509,11
8510,11
8511,11
8512,11
8513,11
8514,11
8515,11
8516,11
8517,11
8518,11
8519,11
8520,11
8521,11
8522,11
8523,11
8524,11
8525,11
8526,11
8527,11
8528,11
8529,11
8530,11
8531,11
8532,11
8533,11
8534,11
8535,11
8536,11
8537,11
8538,11
8539,11
8540,11
8541,11
8542,11
8543,11
8544,11
8545,11
8546,11
8547,11
8548,11
8549,11
8550,11
8551,11
8552,11
8553,11
8554,11
8555,11
8556,11
8557,11
8558,11
8559,11
8560,11
8561,11
8562,11
8563,11
8564,11
8565,11
8566,11
8567,11
8568,11
8569,11
8570,11
8571,11
8572,11
8573,11
8574,11
8575,11
8576,11
8577,11
8578,11
8579,11
8580,11
8581,11
8582,11
8583,11
8584,11
8585,11
8586,11
8587,11
8588,11
8589,11
8590,11
8591,11
8592,11
8593,11
8594,11
8595,11
8596,11
8597,11
8598,11
8599,11
8600,11
8601,11
8602,11
8603,11
8604,11
8605,11
8606,11
8607,11
8608,11
8609,11
8610,11
8611,11
8612,11
8613,11
8614,11
8615,11
8616,11
8617,11
8618,11
8619,11
8620,11
8621,11
8622,11
8623,11
8624,11
8625,11
8626,11
8627,11
8628,11
8629,11
8630,11
8631,11
8632,11
8633,11
8634,11
8635,11
8636,11
8637,11
8638,11
8639,11
8640,11
8641,11
8642,11
8643,11
8644,11
8645,11
8646,11
8647,11
8648,11
8649,11
8650,11
8651,11
8652,11
8653,11
8654,11
8655,11
8656,11
8657,11
8658,11
8659,11
8660,11
8661,11
8662,11
8663,11
8664,11
8665,11
8666,11
8667,11
8668,11
8669,11
8670,11
8671,11
8672,11
8673,11
8674,11
8675,11
8676,11
8677,11
8678,11
8679,11
8680,11
8681,11
8682,11
8683,11
8684,11
8685,11
8686,11
8687,11
8688,11
8689,11
8690,11
8691,11
8692,11
8693,11
8694,11
8695,11
8696,11
8697,11
8698,11
8699,11
8700,11
8701,11
8702,11
8703,11
8704,11
8705,11
8706,11
8707,11
8708,11
8709,11
8710,11
8711,11
8712,11
8713,11
8714,11
8715,11
8716,11
8717,11
8718,11
8719,11
8720,11
8721,11
8722,11
8723,11
8724,11
8725,11
8726,11
8727,11
8728,10
8729,10
8730,10
8731,10
8732,10
8733,10
8734,10
8735,10
8736,10
8737,10
8738,10
8739,10
8740,10
8741,10
8742,10
8743,10
8744,10
8745,10
8746,10
8747,10
8748,10
8749,10
8750,10
8751,10
8752,10
8753,10
8754,10
8755,10
8756,10
8757,10
8758,10
8759,10
8760,10
8761,10
8762,10
8763,10
8764,10
8765,10
8766,10
8767,10
8768,10
8769,10
8770,10
8771,10
8772,10
8773,10
8774,10
8775,10
8776,10
8777,10
8778,10
8779,10
8780,10
8781,10
8782,10
8783,10
8784,10
8785,10
8786,10
8787,10
8788,10
8789,10
8790,10
8791,10
8792,10
8793,10
8794,10
8795,10
8796,10
8797,10
8798,10
8799,10
8800,10
8801,10
8802,10
8803,10
8804,10
8805,10
8807,10
8808,10
8809,10
8810,10
8811,10
8812,10
8813,10
8814,10
8815,10
8816,10
8817,10
8818,10
8819,10
8820,10
8821,10
8822,10
8823,10
8824,10
8825,10
8826,10
8827,10
8828,10
8829,10
8830,10
8831,10
8832,10
8833,10
8834,10
8835,10
8836,10
8837,10
8838,10
8839,10
8840,10
8841,10
8842,10
8843,10
8844,10
8845,10
8846,10
8847,10
8848,10
8849,10
8850,10
8851,10
8852,10
8853,10
8854,10
8855,10
8856,10
8857,10
8858,10
8859,10
8860,10
8861,10
8862,10
8863,10
8864,10
8865,10
8866,10
8867,10
8868,10
8869,10
8870,10
8871,10
8872,10
8873,10
8874,10
8875,10
8876,10
8877,10
8878,10
8879,10
8880,10
8881,10
8882,10
8883,10
8884,10
8885,10
8886,10
8887,10
8888,10
8889,10
8890,10
8891,10
8892,10
8893,10
8894,10
8895,10
8896,10
8897,10
8898,10
8899,10
8900,10
8901,10
8902,10
8903,10
8904,10
8905,10
8906,10
8907,10
8908,10
8909,10
8910,10
8911,10
8912,10
8913,10
8914,10
8915,10
8916,10
8917,10
8918,10
8919,10
8920,10
8921,10
8922,10
8923,10
8924,10
8925,10
8926,10
8927,10
8928,10
8929,10
8930,10
8931,10
8932,10
8933,10
8934,10
8935,10
8936,10
8937,10
8938,10
8939,10
8940,10
8941,10
8942,10
8943,10
8944,10
8945,10
8946,10
8947,10
8948,10
8949,10
8950,10
8951,10
8952,10
8953,10
8954,10
8955,10
8956,10
8957,10
8958,10
8959,10
8960,10
8961,10
8962,10
8963,10
8964,10
8965,10
8966,10
8967,10
8968,10
8969,10
8970,10
8971,10
8972,10
8973,10
8974,10
8975,10
8976,10
8977,10
8978,10
8979,10
8980,10
8981,10
8982,10
8983,10
8984,10
8985,10
8986,10
8987,10
8988,10
8989,10
8990,10
8991,10
8992,10
8993,10
8994,10
8995,10
8996,10
8997,10
8998,10
8999,10
9000,10
9001,10
9002,10
9003,10
9004,10
9005,10
9006,10
9007,10
9008,10
9009,10
9010,10
9011,10
9012,10
9013,10
9014,10
9015,10
9016,10
9017,10
9018,10
9019,10
9020,10
9021,10
9022,10
9023,10
9024,10
9025,10
9026,10
9027,10
9028,10
9029,10
9030,10
9031,10
9032,10
9033,10
9034,10
9035,10
9036,10
9037,10
9038,10
9039,10
9040,10
9041,10
9042,10
9043,10
9044,10
9045,10
9046,10
9047,10
9048,10
9049,10
9050,10
9051,10
9052,10
9053,10
9054,10
9055,10
9056,10
9057,10
9058,10
9059,10
9060,10
9061,10
9062,10
9063,10
9064,10
9065,10
9066,10
9067,10
9068,10
9069,10
9070,10
9071,10
9072,10
9073,10
9074,10
9075,10
9076,10
9077,10
9078,10
9079,10
9080,10
9081,10
9082,10
9083,10
9084,10
9085,10
9086,10
9087,10
9088,10
9089,10
9090,10
9091,10
9092,10
9093,10
9094,10
9095,10
9096,10
9097,10
9098,10
9099,10
9100,10
9101,10
9102,10
9103,10
9104,10
9105,10
9106,10
9107,10
9108,10
9109,10
9110,10
9111,10
9112,10
9113,10
9114,10
9115,10
9116,10
9117,10
9118,10
9119,10
9120,10
9121,10
9122,10
9123,10
9124,10
9125,10
9126,10
9127,10
9128,10
9129,10
9130,10
9131,10
9132,10
9133,10
9134,10
9135,10
9136,10
9137,10
9138,10
9139,10
9140,10
9141,10
9142,10
9143,10
9144,10
9145,10
9146,10
9147,10
9148,10
9149,10
9150,10
9151,10
9152,10
9153,10
9154,10
9155,10
9156,10
9157,10
9158,10
9159,10
9160,10
9161,10
9162,10
9163,10
9164,10
9165,10
9166,10
9167,10
9168,10
9169,10
9170,10
9171,10
9172,10
9173,10
9174,10
9175,10
9176,10
9177,10
9178,10
9179,10
9180,10
9181,10
9182,10
9183,10
9184,10
9185,10
9186,10
9187,10
9188,10
9189,10
9190,10
9191,10
9192,10
9193,10
9194,10
9195,10
9196,10
9197,10
9198,10
9199,10
9200,10
9201,10
9202,10
9203,10
9204,10
9205,10
9206,10
9207,10
9208,10
9209,10
9210,10
9211,10
9212,10
9213,10
9214,10
9215,10
9216,10
9217,10
9218,10
9219,10
9220,10
9221,10
9222,10
9223,10
9224,10
9225,10
9226,10
9227,10
9228,10
9229,10
9230,10
9231,10
9232,10
9233,10
9234,10
9235,10
9236,10
9237,10
9238,10
9239,10
9240,10
9241,10
9242,10
9243,10
9244,10
9245,10
9246,10
9247,10
9248,10
9249,10
9250,10
9251,10
9252,10
9253,10
9254,10
9255,10
9256,10
9257,10
9258,10
9259,10
9260,7
9261,7
9262,7
9263,7
9264,7
9265,7
9266,7
9267,7
9268,7
9269,7
9270,7
9271,7
9272,7
9273,7
9274,7
9275,7
9276,7
9277,7
9278,7
9279,7
9280,7
9281,7
9282,7
9283,7
9284,7
9285,7
9286,7
9287,7
9288,7
9289,7
9290,7
9291,7
9292,7
9293,7
9294,7
9295,7
9296,7
9297,7
9298,7
9299,7
9300,7
9301,7
9302,7
9303,7
9304,7
9305,7
9306,7
9307,7
9308,7
9309,7
9310,7
9311,7
9312,7
9313,7
9314,7
9315,7
9316,7
9317,7
9318,7
9319,7
9320,7
9321,7
9322,7
9323,7
9324,7
9325,7
9326,7
9327,7
9328,7
9329,7
9330,7
9331,7
9332,7
9333,7
9334,7
9335,7
9336,7
9337,7
9338,7
9339,7
9340,7
9341,7
9342,7
9343,7
9344,7
9345,7
9346,7
9347,7
9348,7
9349,7
9350,7
9351,7
9352,7
9353,7
9354,7
9355,7
9356,7
9357,7
9358,7
9359,7
9360,7
9361,7
9362,7
9363,7
9364,7
9365,7
9366,7
9367,7
9368,7
9369,7
9370,7
9371,7
9372,7
9373,7
9374,7
9375,7
9376,7
9377,7
9378,7
9379,7
9380,7
9381,7
9382,7
9383,7
9384,7
9385,7
9386,7
9387,7
9388,7
9389,7
9390,7
9391,7
9392,7
9393,7
9394,7
9395,7
9396,7
9397,7
9398,7
9399,7
9400,7
9401,7
9402,7
9403,7
9404,7
9405,7
9406,7
9407,7
9408,7
9409,7
9410,7
9411,7
9412,7
9413,7
9414,7
9415,7
9416,7
9417,7
9418,7
9419,7
9420,7
9421,7
9422,7
9423,7
9424,7
9425,7
9426,7
9427,7
9428,7
9429,7
9430,7
9431,7
9432,7
9433,7
9434,7
9435,7
9436,7
9437,7
9438,7
9439,7
9440,7
9441,7
9442,7
9443,7
9444,7
9445,7
9446,7
9447,7
9448,7
9449,7
9450,7
9451,7
9452,7
9453,7
9454,7
9455,7
9456,7
9457,7
9458,7
9459,7
9460,7
9461,7
9462,7
9463,7
9464,7
9465,7
9466,7
9467,7
9468,7
9469,7
9470,7
9471,7
9472,7
9473,7
9474,7
9475,7
9476,7
9477,7
9478,7
9479,7
9480,7
9481,7
9482,7
9483,7
9484,7
9485,7
9486,7
9487,7
9488,7
9489,7
9490,7
9491,7
9492,7
9493,7
9494,7
9495,7
9496,7
9497,7
9498,7
9499,7
9500,7
9501,7
9502,7
9503,7
9504,7
9505,7
9506,7
9507,7
9508,7
9509,7
9510,7
9511,7
9512,7
9513,7
9514,7
9515,7
9516,7
9517,7
9518,7
9519,7
9520,7
9521,7
9522,7
9523,7
9524,7
9525,7
9526,7
9527,7
9528,7
9529,7
9530,7
9531,7
9532,7
9533,7
9534,7
9535,7
9536,7
9537,7
9538,7
9539,7
9540,7
9541,7
9542,7
9543,7
9544,7
9545,7
9546,7
9547,7
9548,7
9549,7
9550,7
9551,7
9552,7
9553,7
9554,7
9555,7
9556,7
9557,7
9558,7
9559,7
9560,7
9561,7
9562,7
9563,7
9564,7
9565,7
9566,7
9567,7
9568,7
9569,7
9570,7
9571,7
9572,7
9573,7
9574,7
9575,7
9576,7
9577,7
9578,7
9579,7
9580,7
9581,7
9582,7
9583,7
9584,7
9585,7
9586,7
9587,7
9588,7
9589,7
9590,7
9591,7
9592,7
9593,7
9594,7
9595,7
9596,7
9597,7
9598,7
9599,7
9600,7
9601,7
9602,7
9603,7
9604,7
9605,7
9606,7
9607,7
9608,7
9609,7
9610,7
9611,7
9612,7
9613,7
9614,7
9615,7
9616,7
9617,7
9618,7
9619,7
9620,7
9621,7
9622,7
9623,7
9624,7
9625,7
9626,7
9627,7
9628,7
9629,7
9630,7
9631,7
9632,7
9633,7
9634,7
9635,7
9636,7
9637,7
9638,7
9639,7
9640,7
9641,7
9642,7
9643,7
9644,7
9645,7
9646,7
9647,7
9648,7
9649,7
9650,7
9651,7
9652,7
9653,7
9654,7
9655,7
9656,7
9657,7
9658,7
9659,7
9660,7
9661,7
9662,7
9663,7
9664,7
9665,7
9666,7
9667,7
9668,7
9669,7
9670,7
9671,7
9672,7
9673,7
9674,7
9675,7
9676,7
9677,7
9678,7
9679,7
9680,7
9681,7
9682,7
9683,7
9684,7
9685,7
9686,7
9687,7
9688,7
9689,7
9690,7
9691,7
9692,7
9693,7
9694,7
9695,7
9696,7
9697,7
9698,7
9699,7
9700,7
9701,7
9702,7
9703,7
9704,7
9705,7
9706,7
9707,7
9708,7
9709,7
9710,7
9711,7
9712,7
9713,7
9714,7
9715,7
9716,7
9717,7
9718,7
9719,7
9720,7
9721,7
9722,7
9723,7
9724,7
9725,7
9726,7
9727,7
9728,7
9729,7
9730,7
9731,7
9732,7
9733,7
9734,7
9735,7
9736,7
9737,7
9738,7
9739,7
9740,7
9741,7
9742,7
9743,7
9744,7
9745,7
9746,7
9747,7
9748,7
9749,7
9750,7
9751,7
9752,7
9753,7
9754,7
