,filepath,numberEmpty,nonWhiteFraction,possibleShapes,possibleImages,nonEmptySections
0,./DANE/train_set/scientific_publication\511c5ac3-56c9-43c7-927c-262ae927f535.tiff,0.06475583864118896,0.08074002574002574,0,0,0.6666666666666666
1,./DANE/train_set/scientific_publication\51e8385e-98fd-4d6d-a8b3-374166eb6680.tiff,0.019933554817275746,0.06835543766578249,0,0,1.0
2,./DANE/train_set/scientific_publication\52047c8c-4591-403e-b7ef-bc1f714749c9.tiff,0.036036036036036036,0.9575881962864722,1,1,1.0
3,./DANE/train_set/scientific_publication\534326a3-0ddc-468b-96cc-26c1aecf0ed9.tiff,0.04589371980676329,0.025777188328912466,0,0,1.0
4,./DANE/train_set/scientific_publication\5369d20e-d6dc-497c-8e15-5d77756c83e5.tiff,0.03780718336483932,0.047496547756041424,1,1,0.6666666666666666
5,./DANE/train_set/scientific_publication\548c26d8-153c-472c-8c86-725d47d7cb33.tiff,0.04723127035830619,0.08834942084942085,1,0,0.6666666666666666
6,./DANE/train_set/scientific_publication\554053d4-ae99-481d-bb57-f3c425ada337.tiff,0.03762135922330097,0.0860238726790451,0,0,1.0
7,./DANE/train_set/scientific_publication\5557ce7f-9d20-47ad-9b21-b9858ec050d1.tiff,0.03614457831325301,0.05923877805486284,0,0,1.0
8,./DANE/train_set/scientific_publication\556f6e11-6e90-40f1-bd57-c5b6664071e8.tiff,0.08832807570977919,0.13934650259067358,1,0,1.0
9,./DANE/train_set/scientific_publication\55fdeae0-6173-476e-ab67-83cebf65f5fc.tiff,0.03328509406657019,0.06817440318302387,0,0,1.0
10,./DANE/train_set/scientific_publication\564c797c-b397-475d-bf35-7b05f349e248.tiff,0.03593556381660471,0.1394025198938992,0,0,1.0
11,./DANE/train_set/scientific_publication\5685dc43-63a3-49db-a214-a5c77d404eac.tiff,0.05063291139240506,0.8172208835341366,1,1,0.6666666666666666
12,./DANE/train_set/scientific_publication\56b1b116-0068-4698-81fa-3d64244b96aa.tiff,0.05392156862745098,0.09182496782496782,0,0,0.6666666666666666
13,./DANE/train_set/scientific_publication\5748a9bb-0608-486f-abe1-bb239a17743e.tiff,0.017222820236813777,0.1595120711562897,0,0,0.6666666666666666
14,./DANE/train_set/scientific_publication\578113a8-fafd-435f-8444-63948c44040a.tiff,0.05712109672505712,0.06969031830238727,0,0,1.0
15,./DANE/train_set/scientific_publication\57817490-0999-4185-a1d5-90707fc12715.tiff,0.03819784524975514,0.12199535809018568,0,0,1.0
16,./DANE/train_set/scientific_publication\5816bd6e-c15e-4a1f-af02-7e60510c736f.tiff,0.027061855670103094,0.05854826254826255,0,0,0.6666666666666666
17,./DANE/train_set/scientific_publication\586aa102-5831-4615-8459-789d9dae47ce.tiff,0.1111111111111111,0.010253315649867374,0,0,1.0
18,./DANE/train_set/scientific_publication\5a9882d5-93c9-40f5-bba4-1ab0077cc42f.tiff,0.017057569296375266,0.055252252252252256,0,0,0.6666666666666666
19,./DANE/train_set/scientific_publication\5aea52b3-acc6-4620-8c45-745b83055f85.tiff,0.02390998593530239,0.09733181818181819,0,0,1.0
20,./DANE/train_set/scientific_publication\5b251aca-08aa-4f7c-b81e-930877b372cc.tiff,0.022975929978118162,0.19446485411140585,2,1,1.0
21,./DANE/train_set/scientific_publication\5b3acbec-4435-496e-ac81-8bbc7232f073.tiff,0.03611349957007739,0.11811803713527852,1,1,1.0
22,./DANE/train_set/scientific_publication\5b4fd2e8-c1c6-47e3-ac58-5fffbbf7cf0a.tiff,0.04363636363636364,0.13215848806366048,3,2,1.0
23,./DANE/train_set/scientific_publication\5b7768c1-d817-4420-8a54-b58d2cdcb511.tiff,0.04895104895104895,0.03409266409266409,0,0,0.6666666666666666
24,./DANE/train_set/scientific_publication\5ba715ed-e0df-41db-a182-3a80ac04212d.tiff,0.06695156695156695,0.06814443005181348,0,0,1.0
25,./DANE/train_set/scientific_publication\5baa905a-05ce-434c-833f-8205dadceef5.tiff,0.06045751633986928,0.06669363395225464,1,1,1.0
26,./DANE/train_set/scientific_publication\5c6ca33b-c31b-4032-8146-070d75d5b132.tiff,0.14678899082568808,0.033000663129973476,2,0,1.0
27,./DANE/train_set/scientific_publication\5cfe5115-625c-4fd0-9d54-17dc2c73e5c5.tiff,0.05555555555555555,0.12747409326424872,1,1,1.0
28,./DANE/train_set/scientific_publication\5d7e4ee7-f0b3-4c78-bad8-7dc6db77d420.tiff,0.048144433299899696,0.10469617834394905,3,2,0.6666666666666666
29,./DANE/train_set/scientific_publication\5d9fcf24-cb86-4f29-94d9-65edc1e7777f.tiff,0.04556962025316456,0.12817055771725033,2,1,0.6666666666666666
30,./DANE/train_set/scientific_publication\5db0505a-b983-4742-a038-210246e00f2e.tiff,0.07047387606318348,0.09547232947232948,0,0,0.6666666666666666
31,./DANE/train_set/scientific_publication\5dc3413d-deda-43b4-9bc9-9d8c82f35143.tiff,0.04417670682730924,0.02647347480106101,0,0,1.0
32,./DANE/train_set/scientific_publication\5deeec05-c3f1-47f8-a9bd-163de0ae9897.tiff,0.037703513281919454,0.10471485411140584,0,0,1.0
33,./DANE/train_set/scientific_publication\5e56816c-ab09-4109-9203-4254f1f32eed.tiff,0.09544468546637744,0.07748326898326899,2,2,0.6666666666666666
34,./DANE/train_set/scientific_publication\5e575cba-2292-4eb7-90f0-75288f3104de.tiff,0.038929440389294405,0.0990576923076923,0,0,1.0
35,./DANE/train_set/scientific_publication\5eaa50fe-8b73-4994-a113-34f98aeb15a0.tiff,0.11392405063291139,0.1733485824742268,6,5,1.0
36,./DANE/train_set/scientific_publication\5f4029b7-de0a-4925-b6f2-0453330c57e2.tiff,0.19047619047619047,0.40262762973352034,5,5,0.3333333333333333
37,./DANE/train_set/scientific_publication\5f7b1817-fb15-4136-9923-c51814e05f26.tiff,0.049575070821529746,0.09954857512953368,1,0,1.0
38,./DANE/train_set/scientific_publication\60820b2c-6e1a-496b-907a-5d29edad0280.tiff,0.06088992974238876,0.05891445623342175,0,0,1.0
39,./DANE/train_set/scientific_publication\610e2c1f-7df4-4aa4-95c8-d87f693f23cd.tiff,0.07497116493656286,0.1000026525198939,0,0,1.0
40,./DANE/train_set/scientific_publication\61b576f8-5231-4e89-be06-1bbef9c6259a.tiff,0.04933586337760911,0.1025038860103627,0,0,1.0
41,./DANE/train_set/scientific_publication\62093621-e97b-4d69-96c0-34540ed77453.tiff,0.10526315789473684,0.03217513020833333,0,0,1.0
42,./DANE/train_set/scientific_publication\62228a93-9e36-4e7d-bcde-d7ccf0d4e4e5.tiff,0.032196969696969696,0.05439483394833948,0,0,0.6666666666666666
43,./DANE/train_set/scientific_publication\62377b83-08ef-4976-b7a5-a27c392c1760.tiff,0.12121212121212122,0.03170888594164456,1,1,0.75
44,./DANE/train_set/scientific_publication\62f64432-fbcf-4a63-b746-406a7cb023ef.tiff,0.11764705882352941,0.22825132625994696,1,1,1.0
45,./DANE/train_set/scientific_publication\6312cda2-0f49-409f-a396-6efaf24560a2.tiff,0.050434782608695654,0.07189831606217617,0,0,1.0
46,./DANE/train_set/scientific_publication\635ce632-576c-432e-bb20-fd649c7f927d.tiff,0.039688164422395464,0.0848368700265252,0,0,1.0
47,./DANE/train_set/scientific_publication\6387d55c-820d-4f64-9483-58efdad3aca8.tiff,0.03078817733990148,0.07894960212201592,1,0,1.0
48,./DANE/train_set/scientific_publication\63ba5bc2-4b84-4453-819e-d3469aba0229.tiff,0.04569606801275239,0.06074403183023873,0,0,1.0
49,./DANE/train_set/scientific_publication\642778f5-a862-4286-b80e-55169c6d3af2.tiff,0.0390032502708559,0.10708847980997625,1,0,1.0
50,./DANE/train_set/scientific_publication\6466081e-375a-41f7-bb48-0f66f8290d8a.tiff,0.05049088359046283,0.053020698576972836,0,0,0.6666666666666666
51,./DANE/train_set/scientific_publication\651909c8-9cdb-485c-ba59-213aa654bdca.tiff,0.02962962962962963,0.1197473474801061,0,0,1.0
52,./DANE/train_set/scientific_publication\654f3fba-0424-416a-9a35-f372b192b5fb.tiff,0.02938090241343127,0.102776525198939,0,0,1.0
53,./DANE/train_set/scientific_publication\672621c3-e962-42a7-a59c-9139785d9a73.tiff,0.0375234521575985,0.08771618037135279,3,2,1.0
54,./DANE/train_set/scientific_publication\67bc845a-27dc-4575-a1c8-89622599cfe5.tiff,0.023183925811437404,0.09548342175066313,0,0,1.0
55,./DANE/train_set/scientific_publication\67bcd5f5-f2cf-414a-83e5-b99c487f008e.tiff,0.03515625,0.08337599469496021,1,1,1.0
56,./DANE/train_set/scientific_publication\6809f17d-e52b-48cd-ade1-051784f3d716.tiff,0.024691358024691357,0.09227984084880636,0,0,1.0
57,./DANE/train_set/scientific_publication\684122d1-f66a-4d76-9002-8bd9a303cd0b.tiff,0.05081967213114754,0.11255699481865285,2,1,1.0
58,./DANE/train_set/scientific_publication\694bc317-d782-4158-8562-20fb0e3bdf68.tiff,0.024271844660194174,0.20592149292149292,1,1,0.6666666666666666
59,./DANE/train_set/scientific_publication\6992f771-388f-431d-b3b8-59400ab411c1.tiff,0.039473684210526314,0.057094682230869,1,1,0.6666666666666666
60,./DANE/train_set/scientific_publication\6a0e92a9-7ce4-4f5d-8b40-2f04d6f5153b.tiff,0.10256410256410256,0.007561528497409326,0,0,1.0
61,./DANE/train_set/scientific_publication\6ad6d4d3-4070-4c3e-b0d9-a789272aa590.tiff,0.23076923076923078,0.002424403183023873,0,0,0.5
62,./DANE/train_set/scientific_publication\6b6a4430-6c05-418a-92a2-756be3505ad5.tiff,0.08045977011494253,0.10754840848806366,1,1,1.0
63,./DANE/train_set/scientific_publication\6bafb368-5935-4301-a6b8-a48e5842b9b7.tiff,0.1232876712328767,0.04256763925729443,1,0,1.0
64,./DANE/train_set/scientific_publication\6c26cec4-8440-40a5-98ae-623ea517ee94.tiff,0.018651362984218076,0.10702007772020726,0,0,1.0
65,./DANE/train_set/scientific_publication\6cce95e0-5d85-46ed-b126-f44b171aae5e.tiff,0.03116883116883117,0.13080699481865285,2,2,1.0
66,./DANE/train_set/scientific_publication\6d556f9a-150e-4911-bba2-0099fdd6c31b.tiff,0.03391232423490488,0.13376392572944298,1,1,1.0
67,./DANE/train_set/scientific_publication\6d920497-436d-47ce-ba88-0a20d80ff996.tiff,0.07480314960629922,0.08439456233421751,1,1,1.0
68,./DANE/train_set/scientific_publication\6db64882-6fda-45a7-90fc-69ac4f755683.tiff,0.09154929577464789,0.10893103448275862,1,1,1.0
69,./DANE/train_set/scientific_publication\6e14c7d4-1415-4e0e-b129-8c55b3da3c7a.tiff,0.050393700787401574,0.12391114058355437,1,0,1.0
70,./DANE/train_set/scientific_publication\6e1adda2-fe71-4fcb-a847-0366eaaa77b4.tiff,0.022813688212927757,0.1948238341968912,3,3,1.0
71,./DANE/train_set/scientific_publication\6e245845-131a-4c0a-98ea-336ff838ed95.tiff,0.041970802919708027,0.060196153846153844,0,0,1.0
72,./DANE/train_set/scientific_publication\6e4fe423-026c-44ff-bc91-f46c67fb8fbc.tiff,0.029850746268656716,0.12192307692307693,0,0,1.0
73,./DANE/train_set/scientific_publication\6e679aa0-b8be-4d0d-bc30-68e3be92579a.tiff,0.11764705882352941,0.828103448275862,1,1,0.0
74,./DANE/train_set/scientific_publication\6ece8f35-41d8-4a3e-a3aa-834a5175bbfc.tiff,0.04608294930875576,0.8373714859437751,1,1,0.6666666666666666
75,./DANE/train_set/scientific_publication\6f61c25d-f1c9-4a66-ba2e-7ab60da13936.tiff,0.04519230769230769,0.12563384813384815,2,1,0.6666666666666666
76,./DANE/train_set/scientific_publication\6fa5fcb6-e6b0-4cc8-bdbe-52a177b4d412.tiff,0.04331210191082802,0.2538448275862069,1,1,1.0
77,./DANE/train_set/scientific_publication\707b2a5b-ddce-48c0-be65-f5d489ea9531.tiff,0.06845965770171149,0.03136872586872587,0,0,0.6666666666666666
78,./DANE/train_set/scientific_publication\707fa17d-38cf-451a-b9a3-14ad0f153c77.tiff,0.038135593220338986,0.12312334217506632,1,0,1.0
79,./DANE/train_set/scientific_publication\709db96c-3a94-4736-b6db-f5176d84667f.tiff,0.023736600306278714,0.14706113256113257,1,1,0.6666666666666666
80,./DANE/train_set/scientific_publication\70c3f040-fa71-48b2-b3f0-2545ddfd45e4.tiff,0.0891089108910891,0.11434715025906736,1,1,1.0
81,./DANE/train_set/scientific_publication\71c9dcee-e2a3-419b-b40d-b788a16ba17e.tiff,0.04861111111111111,0.044531167108753315,1,1,1.0
82,./DANE/train_set/scientific_publication\721866b8-ba05-41de-9a65-1c474ff1db8a.tiff,0.09615384615384616,0.007582904884318766,0,0,1.0
83,./DANE/train_set/scientific_publication\72223b41-20a1-4bf6-b463-cd01ce51ca91.tiff,0.2222222222222222,0.0077171974522292994,0,0,0.0
84,./DANE/train_set/scientific_publication\72a4c2f6-1417-48c5-8552-7e1f7d6de3ee.tiff,0.0365093499554764,0.10429509283819628,1,0,1.0
85,./DANE/train_set/scientific_publication\72bf3cb3-b8c4-443a-849c-7332151894a7.tiff,0.06460674157303371,0.10088461538461538,1,1,1.0
86,./DANE/train_set/scientific_publication\72fb6f25-5286-44f7-91aa-dd2cad8b475e.tiff,0.026288117770767613,0.11470466321243523,1,0,1.0
87,./DANE/train_set/scientific_publication\74d7c066-9dc5-4631-8262-f6a2f37efeb2.tiff,0.04498269896193772,0.08481217616580311,1,0,1.0
88,./DANE/train_set/scientific_publication\755661ea-3b97-4e94-97c5-21342806808b.tiff,0.04448398576512456,0.07061196911196911,1,1,0.6666666666666666
89,./DANE/train_set/scientific_publication\759d034a-a900-44e4-9929-fdf8a69bec3b.tiff,0.08241758241758242,0.06910492227979274,1,0,1.0
90,./DANE/train_set/scientific_publication\7656a98e-2cd4-456c-a63c-e34bd62f3e15.tiff,0.023008849557522124,0.08085971685971687,0,0,0.6666666666666666
91,./DANE/train_set/scientific_publication\76d2f3ec-fb33-46c3-9771-31ed29e01b05.tiff,0.09154929577464789,0.04090914709517923,0,0,0.6666666666666666
92,./DANE/train_set/scientific_publication\772d987f-c854-4453-ba8f-fa2f36191a5d.tiff,0.038461538461538464,0.12013129973474801,0,0,1.0
93,./DANE/train_set/scientific_publication\77c54ce6-80d3-4e39-96b0-5cece42e03ae.tiff,0.04449388209121246,0.11154045092838197,1,1,1.0
94,./DANE/train_set/scientific_publication\78e2821d-201c-4c0f-9a11-6adc4bdc2bbb.tiff,0.09815950920245399,0.07982375979112272,0,0,1.0
95,./DANE/train_set/scientific_publication\7a1225e5-c66b-4b13-9837-f9ea32af94e2.tiff,0.05273069679849341,0.1405106100795756,1,1,1.0
96,./DANE/train_set/scientific_publication\7ab97f9b-6102-4638-9309-be7f7ae6c033.tiff,0.034976152623211444,0.0700789124668435,0,0,1.0
97,./DANE/train_set/scientific_publication\7abefa93-f195-4560-9637-974e65e20eea.tiff,0.03592814371257485,0.07632161803713527,0,0,1.0
98,./DANE/train_set/scientific_publication\7b65d36c-c5db-46ac-8fbf-0ae5187b36c8.tiff,0.05473501303214596,0.10453779840848806,2,0,1.0
99,./DANE/train_set/scientific_publication\7bb6f7ce-0f22-4006-9044-8308af879dad.tiff,0.02575107296137339,0.10561870026525198,0,0,1.0
100,./DANE/train_set/scientific_publication\7c2e91ac-5734-4d8e-abd6-9041af48a2ac.tiff,0.032188841201716736,0.053836206896551726,1,0,1.0
101,./DANE/train_set/scientific_publication\7df49b56-9543-49bb-94d6-230d2e09158f.tiff,0.14049586776859505,0.11155371352785146,1,0,1.0
102,./DANE/train_set/scientific_publication\7e66d301-719c-4e7c-8ee2-a2f755bc62d7.tiff,0.03209242618741977,0.11978341902313625,0,0,1.0
103,./DANE/train_set/scientific_publication\800ecb57-24a8-4b4d-941c-cd00775a514b.tiff,0.02072538860103627,0.045356763925729446,0,0,1.0
104,./DANE/train_set/scientific_publication\80182f77-6d82-4399-865c-068cc04a8401.tiff,0.03592814371257485,0.8434311023622048,1,1,1.0
105,./DANE/train_set/scientific_publication\80b08906-cd77-4957-8052-71438b48ea89.tiff,0.02120141342756184,0.08928580901856764,1,0,1.0
106,./DANE/train_set/scientific_publication\817cd9f2-2bc2-4ac9-b99d-dcca97d1d9eb.tiff,0.031067961165048542,0.10877137305699482,0,0,1.0
107,./DANE/train_set/scientific_publication\82335878-1486-4350-a8f1-da8bc0d1fb75.tiff,0.13636363636363635,0.0714046692607004,1,1,0.6666666666666666
108,./DANE/train_set/scientific_publication\824dd256-3025-49c0-8512-2a7d25ed4e20.tiff,0.04891304347826087,0.14733655083655084,1,1,0.6666666666666666
109,./DANE/train_set/scientific_publication\825866c4-b82b-45fa-aca0-43b705a230a6.tiff,0.11467889908256881,0.03552979274611399,0,0,1.0
110,./DANE/train_set/scientific_publication\825a5813-fba6-40a5-bb94-73438a97e3fd.tiff,0.040345821325648415,0.07891434010152285,0,0,1.0
111,./DANE/train_set/scientific_publication\8281c5dd-f060-4795-b7a0-8534dde58854.tiff,0.05112474437627812,0.0496551724137931,0,0,1.0
112,./DANE/train_set/scientific_publication\8288733b-f575-4df4-b650-ab8a71289ba7.tiff,0.02831858407079646,0.720551724137931,1,1,1.0
113,./DANE/train_set/scientific_publication\8288d38e-dd64-43eb-ba57-302f53b1311e.tiff,0.09420289855072464,0.11285344827586206,1,1,1.0
114,./DANE/train_set/scientific_publication\83243db7-5490-49c4-87b3-a003faaa5c07.tiff,0.05827505827505827,0.048248056994818656,0,0,1.0
115,./DANE/train_set/scientific_publication\83441fd7-a902-474f-9ef9-3a6f52bc5e8a.tiff,0.029601029601029602,0.10195092838196286,0,0,1.0
116,./DANE/train_set/scientific_publication\846fa1fb-02f8-46cc-a313-9a41f5c0d527.tiff,0.016706443914081145,0.10614336492890995,0,0,1.0
117,./DANE/train_set/scientific_publication\8592e2b9-6506-4944-ae60-74423d8e7927.tiff,0.053830227743271224,0.03578571428571429,1,1,0.6666666666666666
118,./DANE/train_set/scientific_publication\85ac10fc-cdbb-4e24-bc91-114e20eae444.tiff,0.13725490196078433,0.4733185328185328,3,3,0.3333333333333333
119,./DANE/train_set/scientific_publication\86386214-9687-402a-b0f5-8d7264ac9213.tiff,0.12389380530973451,0.039895182291666664,2,1,1.0
120,./DANE/train_set/scientific_publication\86653ed8-41fb-4629-90b7-d62b902a0a23.tiff,0.16129032258064516,0.21675464190981433,1,1,1.0
121,./DANE/train_set/scientific_publication\87317e9b-c88d-45e0-911a-72301bbfe086.tiff,0.019400352733686066,0.8718015647226174,1,1,0.6666666666666666
122,./DANE/train_set/scientific_publication\877506ce-884f-442b-bd57-a31c182649d4.tiff,0.07142857142857142,0.10434455958549223,3,2,1.0
123,./DANE/train_set/scientific_publication\88498b7e-e48f-4ba6-83cc-eba8ed828a68.tiff,0.1038135593220339,0.37407597402597403,3,3,1.0
124,./DANE/train_set/scientific_publication\88aedf75-4622-4163-b01c-907e506255e3.tiff,0.02631578947368421,0.0800238726790451,0,0,1.0
125,./DANE/train_set/scientific_publication\88fcbe76-1777-473a-99fb-67a222a1a38f.tiff,0.06259541984732825,0.14593523316062176,1,0,1.0
126,./DANE/train_set/scientific_publication\89b1083f-e52e-4305-a921-9acdfeab425b.tiff,0.019559902200488997,0.15658678756476685,2,2,1.0
127,./DANE/train_set/scientific_publication\89c92f83-a6bb-411c-9edd-8d414364192b.tiff,0.04964539007092199,0.07801127320954908,1,1,1.0
128,./DANE/train_set/scientific_publication\89ffe509-fa97-471f-86f7-c02461b5c943.tiff,0.045283018867924525,0.07806034482758621,0,0,1.0
129,./DANE/train_set/scientific_publication\8a06a8f2-263f-4b51-82dc-86f0bf10c19b.tiff,0.053156146179401995,0.08702784974093264,0,0,1.0
130,./DANE/train_set/scientific_publication\8a783dfd-988e-4a04-bf39-ef53b9baf838.tiff,0.038834951456310676,0.04930116580310881,1,0,0.75
131,./DANE/train_set/scientific_publication\8a93f71e-1057-4297-91e3-3e4cac4454bd.tiff,0.03934426229508197,0.058369451697127935,1,1,1.0
132,./DANE/train_set/scientific_publication\8b09f469-c46d-4ec4-b7ea-948a8595f03d.tiff,0.07760814249363868,0.07036057068741894,0,0,0.6666666666666666
133,./DANE/train_set/scientific_publication\8b140bfc-28df-4354-9b6f-17c6e1313225.tiff,0.0334075723830735,0.09869761273209549,0,0,1.0
134,./DANE/train_set/scientific_publication\8bb8923b-8bc8-45d4-bf6b-50b6f2ca0af8.tiff,0.03474903474903475,0.08217838196286473,0,0,1.0
135,./DANE/train_set/scientific_publication\8c4e8915-b164-427b-866d-41e1edbd8f31.tiff,0.01637852593266606,0.1357002652519894,0,0,1.0
136,./DANE/train_set/scientific_publication\8c56f941-0560-4319-a123-3463daa82cf4.tiff,0.02,0.10206896551724139,0,0,1.0
137,./DANE/train_set/scientific_publication\8c87d0c0-00dd-4f8b-9291-12c880493fd3.tiff,0.03693444136657433,0.08966976127320955,0,0,1.0
138,./DANE/train_set/scientific_publication\8ccc0336-9720-4560-acab-2a7885f46033.tiff,0.026644462947543714,0.08874403183023873,1,0,1.0
139,./DANE/train_set/scientific_publication\8d5eaff5-1174-4cf8-a3f1-7fc1d023b36f.tiff,0.14736842105263157,0.02614323607427056,0,0,1.0
140,./DANE/train_set/scientific_publication\8e509139-e64c-4c9f-918b-9843a357655b.tiff,0.01929824561403509,0.13398076923076924,1,0,1.0
141,./DANE/train_set/scientific_publication\8ec3933a-6360-42e4-9349-0afec8fffffd.tiff,0.04847207586933614,0.08752895752895754,1,1,0.6666666666666666
142,./DANE/train_set/scientific_publication\8f2a7289-b69c-4622-8d14-52867b5a384f.tiff,0.026026026026026026,0.13256347150259068,2,0,1.0
143,./DANE/train_set/scientific_publication\8f4b6501-dd0a-43ac-b1ad-6aa009a44486.tiff,0.05546492659053834,0.06231853281853282,1,1,0.6666666666666666
144,./DANE/train_set/scientific_publication\8f7df0e2-077e-4501-8786-4ea17d07603d.tiff,0.03425414364640884,0.12990119363395225,2,0,1.0
145,./DANE/train_set/scientific_publication\8ffeaf2f-dfc0-4f83-acee-11008b0a11cc.tiff,0.0625,0.04439766839378238,0,0,1.0
146,./DANE/train_set/scientific_publication\90c5bf41-5f75-456f-8a3f-509c8ce6c40c.tiff,0.02203856749311295,0.1188103448275862,1,0,1.0
147,./DANE/train_set/scientific_publication\9139d769-9cac-481d-b1f6-2051e701ebfe.tiff,0.0732484076433121,0.04562870012870013,1,0,0.6666666666666666
148,./DANE/train_set/scientific_publication\9184d6b4-b913-423c-a478-50d3d2387bdb.tiff,0.04332552693208431,0.0801910621761658,1,0,1.0
149,./DANE/train_set/scientific_publication\930bc5de-5573-4655-b53e-113c9c99ed49.tiff,0.02899824253075571,0.15079286608260326,1,1,0.6666666666666666
150,./DANE/train_set/scientific_publication\93293447-0f02-4214-8c5c-9f1a9692f0ff.tiff,0.037783375314861464,0.125934350132626,1,1,1.0
151,./DANE/train_set/scientific_publication\9338eada-bfc3-4f60-bfb9-6fd456bca2e8.tiff,0.023668639053254437,0.06766108247422681,0,0,1.0
152,./DANE/train_set/scientific_publication\9344452c-a3b2-4463-8afd-2554cb01f3e1.tiff,0.07513416815742398,0.21576392572944297,1,1,1.0
153,./DANE/train_set/scientific_publication\9456b164-e984-45e6-a89a-09f3dbf7e486.tiff,0.027918781725888325,0.052301724137931035,0,0,1.0
154,./DANE/train_set/scientific_publication\94659ef7-b08c-4b9a-922d-0193bed6c353.tiff,0.02338530066815145,0.08850862068965518,0,0,1.0
155,./DANE/train_set/scientific_publication\94be58ea-f917-4f79-9e9d-e7f4536aaed8.tiff,0.04387291981845688,0.0966816976127321,1,0,1.0
156,./DANE/train_set/scientific_publication\950a1782-b388-47bd-bf71-7a3287cda2cc.tiff,0.045925925925925926,0.056009946949602124,1,1,1.0
157,./DANE/train_set/scientific_publication\9548870f-a0bc-41e5-aaa6-7b072b946f85.tiff,0.07327586206896551,0.038318064516129034,1,1,0.6666666666666666
158,./DANE/train_set/scientific_publication\956dddae-923f-42af-bf16-de50f56aed01.tiff,0.0763888888888889,0.13435556994818654,1,0,1.0
159,./DANE/train_set/scientific_publication\95ae7787-67b4-45ef-af05-9d9f0d42cdbc.tiff,0.03402854006586169,0.08654725415070243,1,0,0.6666666666666666
160,./DANE/train_set/scientific_publication\95dc8762-b02b-4d7a-b2ff-db88d411ebc9.tiff,0.04045643153526971,0.0633289124668435,0,0,1.0
161,./DANE/train_set/scientific_publication\95ee552a-0cbb-4ca8-8dfb-6b6e5bc408f1.tiff,0.03276955602536998,0.1289158031088083,1,1,1.0
162,./DANE/train_set/scientific_publication\960e91f5-75a5-4bec-990a-e85e53f08895.tiff,0.0480225988700565,0.05305335968379447,0,0,0.6666666666666666
163,./DANE/train_set/scientific_publication\9633a7ef-72a0-4e69-9ea8-d598426c169e.tiff,0.2,0.0031896551724137933,0,0,0.25
164,./DANE/train_set/scientific_publication\96364973-7564-412a-9544-9a9abcf4c851.tiff,0.03139013452914798,0.09837289234760052,0,0,0.6666666666666666
165,./DANE/train_set/scientific_publication\9638a0a6-bbae-4211-aa2a-0f91fab1e372.tiff,0.07160909856781802,0.12125160875160876,0,0,0.6666666666666666
166,./DANE/train_set/scientific_publication\9871b5e4-d40f-4a2e-9f33-cb76c5e09bfb.tiff,0.030612244897959183,0.12082493368700266,1,1,1.0
167,./DANE/train_set/scientific_publication\988fc80f-7e1d-4268-a635-29a92ef0b7c3.tiff,0.031141868512110725,0.07005636604774536,0,0,1.0
168,./DANE/train_set/scientific_publication\98d02fe5-2958-4f03-a3b9-5bb88d555eaf.tiff,0.045372050816696916,0.08304708222811671,0,0,1.0
169,./DANE/train_set/scientific_publication\98eb4926-4d22-45fe-9019-1f49b8694e14.tiff,0.04961832061068702,0.35146782496782497,3,3,0.6666666666666666
170,./DANE/train_set/scientific_publication\99db2b1e-8dee-49ae-bf37-35693fbac64a.tiff,0.05897435897435897,0.05817357512953368,0,0,1.0
171,./DANE/train_set/scientific_publication\9a8ded43-e806-4391-828e-a76ec9593ebc.tiff,0.030303030303030304,0.05430636604774536,0,0,1.0
172,./DANE/train_set/scientific_publication\9aba41cb-d503-4859-8cca-f2627a2686c4.tiff,0.01763668430335097,0.05920945083014049,0,0,0.6666666666666666
173,./DANE/train_set/scientific_publication\9b121d50-2156-44c0-93bc-5e91f5258f8a.tiff,0.034080717488789235,0.1071657824933687,0,0,1.0
174,./DANE/train_set/scientific_publication\9bce9fe2-eddd-4973-9894-42dc8d37a9a4.tiff,0.051756007393715345,0.14096178756476685,1,1,1.0
175,./DANE/train_set/scientific_publication\9c81484e-ada8-4d63-8cf5-3bdff83c669a.tiff,0.13114754098360656,0.014248704663212436,0,0,1.0
176,./DANE/train_set/scientific_publication\9c9dd6b0-b49a-48e3-b01d-97cd3fc0aea0.tiff,0.01791044776119403,0.09893567639257295,0,0,1.0
177,./DANE/train_set/scientific_publication\9d7ea39a-9e32-4f0a-bed7-6e66d71919a8.tiff,0.02903225806451613,0.04385621761658031,0,0,1.0
178,./DANE/train_set/scientific_publication\9db6cf5c-9155-48bc-83ea-ed3e054b3581.tiff,0.05242718446601942,0.0327579575596817,0,0,1.0
179,./DANE/train_set/scientific_publication\9e165569-5203-40fc-8b4b-c778f4d5f3cf.tiff,0.0456140350877193,0.045182754182754185,1,1,0.6666666666666666
180,./DANE/train_set/scientific_publication\9e3c18ed-c503-4cf2-b8e8-af3d3d20d174.tiff,0.04308390022675737,0.06084151193633952,1,0,1.0
181,./DANE/train_set/scientific_publication\9e762a2c-1330-490a-ab8f-ef65fdd649b6.tiff,0.033112582781456956,0.0988395225464191,0,0,1.0
182,./DANE/train_set/scientific_publication\9e774494-62c8-4b2a-9579-cb49bb0ef6b4.tiff,0.060650887573964495,0.07778984575835475,0,0,1.0
183,./DANE/train_set/scientific_publication\9e7e4dd1-9463-4ccf-b358-7f46966ae36d.tiff,0.12034383954154727,0.04367746113989637,1,0,1.0
184,./DANE/train_set/scientific_publication\9e815fd2-d027-45fa-a0ce-a53d86fd44c5.tiff,0.16883116883116883,0.025387387387387387,1,1,0.3333333333333333
185,./DANE/train_set/scientific_publication\9e9386bc-a3d0-4994-9bf7-39118acb18f5.tiff,0.028973509933774833,0.13608222811671086,0,0,1.0
186,./DANE/train_set/scientific_publication\9f319627-3d18-4dda-9ba7-5d3a3c159f1d.tiff,0.0330188679245283,0.07210411140583554,0,0,1.0
187,./DANE/train_set/scientific_publication\9f506bcf-4024-49f5-92d0-ed1ff591df16.tiff,0.1076923076923077,0.01645142487046632,0,0,0.75
188,./DANE/train_set/scientific_publication\9f79f01c-0c9d-4aae-8479-2fd540762ffe.tiff,0.04693140794223827,0.05080246113989637,0,0,1.0
189,./DANE/train_set/scientific_publication\9f8aecf8-ca64-4338-af0e-2ee19f17bf66.tiff,0.05722070844686648,0.06683808290155441,0,0,1.0
190,./DANE/train_set/scientific_publication\9fd26306-6442-4989-ad9e-7046e9efa80f.tiff,0.21428571428571427,0.7121127320954908,1,1,0.75
191,./DANE/train_set/scientific_publication\9ff12273-729e-4c8a-af1b-c95cb9667a28.tiff,0.025200458190148912,0.07699535809018568,0,0,1.0
192,./DANE/train_set/scientific_publication\a0c93820-a559-4c4a-9c53-213f31cdc4e4.tiff,0.025069637883008356,0.8407530120481927,1,1,0.6666666666666666
193,./DANE/train_set/scientific_publication\a0ceea04-300b-445e-a562-3fff31fb041e.tiff,0.1076923076923077,0.011667746113989637,0,0,1.0
194,./DANE/train_set/scientific_publication\a1e148c4-e999-40cf-8465-bf259e90bb49.tiff,0.027751196172248804,0.10248342175066313,0,0,1.0
195,./DANE/train_set/scientific_publication\a461cc3a-42b0-4e1e-bec8-f8e715fbbed2.tiff,0.05825242718446602,0.05269363395225464,0,0,1.0
196,./DANE/train_set/scientific_publication\a4bb028a-3cae-404e-8889-9691a3d8af76.tiff,0.038834951456310676,0.12377885862516212,0,0,0.6666666666666666
197,./DANE/train_set/scientific_publication\a4cc81cc-2371-4715-afdb-1358e28a4633.tiff,0.05005213764337852,0.08993368700265252,0,0,1.0
198,./DANE/train_set/scientific_publication\a4cf0738-6119-4d7d-8b32-e60effca1ad2.tiff,0.07603305785123966,0.033597480106100794,1,1,1.0
199,./DANE/train_set/scientific_publication\a5ec6fb2-570a-4770-8374-26de55bf50fe.tiff,0.02729044834307992,0.10972944297082228,1,0,1.0
